ProductID,Name,ProductNumber,MakeFlag,FinishedGoodsFlag,Color,SafetyStockLevel,ReorderPoint,StandardCost,ListPrice,Size,SizeUnitMeasureCode,WeightUnitMeasureCode,Weight,DaysToManufacture,ProductLine,Class,Style,ProductSubcategoryID,ProductModelID,SellStartDate,SellEndDate,DiscontinuedDate,rowguid,ModifiedDate
1,Adjustable Race,AR-5381,b'\x00',b'\x00',,1000,750,0.0,0.0,,,,,0,,,,,,1998-06-01,,,b'\xb7\x15Bi\xf7\x08\rL\xac\xb1\xd74\xbaD\xc0\xc8',2004-03-11 10:01:36
2,Bearing Ball,BA-8327,b'\x00',b'\x00',,1000,750,0.0,0.0,,,,,0,,,,,,1998-06-01,,,b' <\xaeX:OIG\xa7\xd4\xd5h\x80l\xc57',2004-03-11 10:01:36
3,BB Ball Bearing,BE-2349,b'\x01',b'\x00',,800,600,0.0,0.0,,,,,1,,,,,,1998-06-01,,,b'\xd2\xae!\x9c\xfa[\x18O\xbc\xb8\xf1\x168\xdc.N',2004-03-11 10:01:36
4,Headset Ball Bearings,BE-2908,b'\x00',b'\x00',,800,600,0.0,0.0,,,,,0,,,,,,1998-06-01,,,b'\xcb\xd6\xfe\xec\xffQ\xb5I\xb0l}\x8a\xc84\xdb\x8b',2004-03-11 10:01:36
316,Blade,BL-2036,b'\x01',b'\x00',,800,600,0.0,0.0,,,,,1,,,,,,1998-06-01,,,b'P\x97>\xe7;`1A\x89\xf5=\xd1^\xd5\xff\x80',2004-03-11 10:01:36
317,LL Crankarm,CA-5965,b'\x00',b'\x00',Black,500,375,0.0,0.0,,,,,0,,L ,,,,1998-06-01,,,b'\xb7\x10\x9d<\xb2\xa6tG\x99c\xc1\x9d\xce\xe7/\xea',2004-03-11 10:01:36
318,ML Crankarm,CA-6738,b'\x00',b'\x00',Black,500,375,0.0,0.0,,,,,0,,M ,,,,1998-06-01,,,b'\x92\x9a\xbb\xea\x07\xfa\xabN\x89U\xf0Q{JL\xa7',2004-03-11 10:01:36
319,HL Crankarm,CA-7457,b'\x00',b'\x00',Black,500,375,0.0,0.0,,,,,0,,,,,,1998-06-01,,,b'\x84\xd3?})OKH\x86\xfaB\x06\xe2v\xfeX',2004-03-11 10:01:36
320,Chainring Bolts,CB-2903,b'\x00',b'\x00',Silver,1000,750,0.0,0.0,,,,,0,,,,,,1998-06-01,,,b'H\x8e\xe3{\xd6\xb7\x86D\x88\x8e\xf5<&sQ\x01',2004-03-11 10:01:36
321,Chainring Nut,CN-6137,b'\x00',b'\x00',Silver,1000,750,0.0,0.0,,,,,0,,,,,,1998-06-01,,,b'\xd7\xb1\x143i\xef1D\xb6\xdd\xdcu&\x8b\xd5\xdf',2004-03-11 10:01:36
322,Chainring,CR-7833,b'\x00',b'\x00',Black,1000,750,0.0,0.0,,,,,0,,,,,,1998-06-01,,,"b'M,\xac\xf0\x1f\x1a<N\xb4\xd9h\xae\xa0\xec\x1c\xe4'",2004-03-11 10:01:36
323,Crown Race,CR-9981,b'\x00',b'\x00',,1000,750,0.0,0.0,,,,,0,,,,,,1998-06-01,,,"b'\xa6,\xa3Q\xa1e1L\xaf+\xd9\xe4\xf5\xd61\xd4'",2004-03-11 10:01:36
324,Chain Stays,CS-2812,b'\x01',b'\x00',,1000,750,0.0,0.0,,,,,1,,,,,,1998-06-01,,,b'\xedx\x06\xfe\xf2\xaeXL\xa4P\x81Q\xcc$\xdd\xd8',2004-03-11 10:01:36
325,Decal 1,DC-8732,b'\x00',b'\x00',,1000,750,0.0,0.0,,,,,0,,,,,,1998-06-01,,,b'<\x12\xce\x05\x02\xa4\x8eG\xae\x9bu\xd7rz\xea\xad',2004-03-11 10:01:36
326,Decal 2,DC-9824,b'\x00',b'\x00',,1000,750,0.0,0.0,,,,,0,,,,,,1998-06-01,,,b'\xf9Qh\xa5\xd7\x1c/N\x87y.w>\x1bR\t',2004-03-11 10:01:36
327,Down Tube,DT-2377,b'\x01',b'\x00',,800,600,0.0,0.0,,,,,1,,,,,,1998-06-01,,,b'\xddG\xad\x1dY\xe2\xb8B\xb8\xb4\x15\xa0\xb7\xd2\x1b/',2004-03-11 10:01:36
328,Mountain End Caps,EC-M092,b'\x01',b'\x00',,1000,750,0.0,0.0,,,,,1,,,,,,1998-06-01,,,b'\xea\xb1p`\xb7Y\x8bO\x95\x0f+\xe0}\x00D\x9d',2004-03-11 10:01:36
329,Road End Caps,EC-R098,b'\x01',b'\x00',,1000,750,0.0,0.0,,,,,1,,,,,,1998-06-01,,,b'\x13\x9d9\x88\x9eqEE\x81\xd6\xf0e\x0f7/\xa2',2004-03-11 10:01:36
330,Touring End Caps,EC-T209,b'\x01',b'\x00',,1000,750,0.0,0.0,,,,,1,,,,,,1998-06-01,,,b'$\xce\x03i\xce\xd0\x91A\x91\x98B1\xde7\xa9)',2004-03-11 10:01:36
331,Fork End,FE-3760,b'\x01',b'\x00',,800,600,0.0,0.0,,,,,1,,,,,,1998-06-01,,,b'.`\x1d\xc9R\xda\xd2C\xbd~\xeb\x11\n\x93\x92\xb9',2004-03-11 10:01:36
332,Freewheel,FH-2981,b'\x00',b'\x00',Silver,500,375,0.0,0.0,,,,,0,,,,,,1998-06-01,,,b'\x9a\x87d\xd8\xb1\xe8{O\xba\xfa\x1f\x13`\x89\xc2\xc8',2004-03-11 10:01:36
341,Flat Washer 1,FW-1000,b'\x00',b'\x00',,1000,750,0.0,0.0,,,,,0,,,,,,1998-06-01,,,"b':\xfa\xf2\xa3\xe1""\xd8C\xa11\xa9\xb8\x9c2\xd8\xea'",2004-03-11 10:01:36
342,Flat Washer 6,FW-1200,b'\x00',b'\x00',,1000,750,0.0,0.0,,,,,0,,,,,,1998-06-01,,,b'\xec\xdd\x1a3\xb9\xe9~J\x93$B\x06\x9c-\xcd\xc4',2004-03-11 10:01:36
343,Flat Washer 2,FW-1400,b'\x00',b'\x00',,1000,750,0.0,0.0,,,,,0,,,,,,1998-06-01,,,b'>G\xa3\x84&\xae!J\x81\xb9`\xbbA\x8ay\xb2',2004-03-11 10:01:36
344,Flat Washer 9,FW-3400,b'\x00',b'\x00',,1000,750,0.0,0.0,,,,,0,,,,,,1998-06-01,,,b'`\xce\xe4\nBR\xf5H\xad\xa10\x13\xffE\xf9i',2004-03-11 10:01:36
345,Flat Washer 4,FW-3800,b'\x00',b'\x00',,1000,750,0.0,0.0,,,,,0,,,,,,1998-06-01,,,"b'\xb4X\x1c,L#:K\x8c\x8e\x84RJ\xc0^\xea'",2004-03-11 10:01:36
346,Flat Washer 3,FW-5160,b'\x00',b'\x00',,1000,750,0.0,0.0,,,,,0,,,,,,1998-06-01,,,"b'?,\x0cY\xb6\xa8\xb5B\x94\x12\xd6U\xe3\x7f\x0e\xae'",2004-03-11 10:01:36
347,Flat Washer 8,FW-5800,b'\x00',b'\x00',,1000,750,0.0,0.0,,,,,0,,,,,,1998-06-01,,,b'\xfe\xf5s\x1b\x85\xab\xfcI\x99\xad\x05\x00\xce\xbd\xa9\x1d',2004-03-11 10:01:36
348,Flat Washer 5,FW-7160,b'\x00',b'\x00',,1000,750,0.0,0.0,,,,,0,,,,,,1998-06-01,,,b'\x18\xcf\x82\xd1\xdfM\x9bB\xa0\xdf\xde\x1c\xfc\x92b-',2004-03-11 10:01:36
349,Flat Washer 7,FW-9160,b'\x00',b'\x00',,1000,750,0.0,0.0,,,,,0,,,,,,1998-06-01,,,b'M\xf6U~<\xea\xffE\xber\xf7\xf7\xb9\xd6\x1ay',2004-03-11 10:01:36
350,Fork Crown,FC-3654,b'\x01',b'\x00',,800,600,0.0,0.0,,,,,1,,,,,,1998-06-01,,,b'[\xa8\xbf\x1c\x9b\\XK\x9c\x17\x95#\x82\x15\xd9&',2004-03-11 10:01:36
351,Front Derailleur Cage,FC-3982,b'\x00',b'\x00',Silver,800,600,0.0,0.0,,,,,0,,,,,,1998-06-01,,,b'\xe3\x01\xc9\x01#C\xedH\xab\x9e\x9b\xfd\xa2\x8b\xde\xf6',2004-03-11 10:01:36
352,Front Derailleur Linkage,FL-2301,b'\x00',b'\x00',Silver,800,600,0.0,0.0,,,,,0,,,,,,1998-06-01,,,b'\x08.\xed\x88u\xe7\x15I\xb5\x06\x83\x16\x00\xb7s\xfd',2004-03-11 10:01:36
355,Guide Pulley,GP-0982,b'\x00',b'\x00',,800,600,0.0,0.0,,,,,0,,,,,,1998-06-01,,,b'[ \x89j\xc3\x90\x97I\x8cc\xbcj^\xbcu-',2004-03-11 10:01:36
356,LL Grip Tape,GT-0820,b'\x00',b'\x00',,800,600,0.0,0.0,,,,,0,,L ,,,,1998-06-01,,,b'\x81!\xc82i\x19`F\xae\x04\xa0-Q\x99N\xc1',2004-03-11 10:01:36
357,ML Grip Tape,GT-1209,b'\x00',b'\x00',,800,600,0.0,0.0,,,,,0,,M ,,,,1998-06-01,,,"b'"">4\t\x94$yB\x9f2]\x96\x1a\x0f\xbf\xea'",2004-03-11 10:01:36
358,HL Grip Tape,GT-2908,b'\x00',b'\x00',,800,600,0.0,0.0,,,,,0,,,,,,1998-06-01,,,b'\xf7+[\x8e\xdd\x81TD\xb7^\xd9\xae*o\xbd&',2004-03-11 10:01:36
359,Thin-Jam Hex Nut 9,HJ-1213,b'\x00',b'\x00',,1000,750,0.0,0.0,,,,,0,,,,,,1998-06-01,,,b'<\xff:\xa6CA\x16@\xbc\x99\xd3\xf8\x0e\xc1\xad\xe5',2004-03-11 10:01:36
360,Thin-Jam Hex Nut 10,HJ-1220,b'\x00',b'\x00',,1000,750,0.0,0.0,,,,,0,,,,,,1998-06-01,,,b'm\x0c\xae\xa1\xa5\x92\xdaO\xb3;\x13\x01\xe8>\xfe[',2004-03-11 10:01:36
361,Thin-Jam Hex Nut 1,HJ-1420,b'\x00',b'\x00',,1000,750,0.0,0.0,,,,,0,,,,,,1998-06-01,,,b'L\x8c>\xe3*(\x1fM\x91\xe7\xe9\x96\x9c\xf7\x13O',2004-03-11 10:01:36
362,Thin-Jam Hex Nut 2,HJ-1428,b'\x00',b'\x00',,1000,750,0.0,0.0,,,,,0,,,,,,1998-06-01,,,"b'Oh\x92\xa9BFVH\xa8\x17,\x07@\xae\x8cU'",2004-03-11 10:01:36
363,Thin-Jam Hex Nut 15,HJ-3410,b'\x00',b'\x00',,1000,750,0.0,0.0,,,,,0,,,,,,1998-06-01,,,b'\r\xa3\xd9\xb9\x07\xcb-B\xa3\x12\xf0SUu3~',2004-03-11 10:01:36
364,Thin-Jam Hex Nut 16,HJ-3416,b'\x00',b'\x00',,1000,750,0.0,0.0,,,,,0,,,,,,1998-06-01,,,b'S\xf6\xc8\x0e\xc9$\xb6A\x86\xf59\xc1x\x9d\xb5\x80',2004-03-11 10:01:36
365,Thin-Jam Hex Nut 5,HJ-3816,b'\x00',b'\x00',,1000,750,0.0,0.0,,,,,0,,,,,,1998-06-01,,,b'\x9dlP\x94\x91Y\xa7F\x82\xea\x00\xe0]\x8d\x9b\x9c',2004-03-11 10:01:36
366,Thin-Jam Hex Nut 6,HJ-3824,b'\x00',b'\x00',,1000,750,0.0,0.0,,,,,0,,,,,,1998-06-01,,,b'\xc6\x84\xe9q\x11\x1d\xf2L\xba\xeel\x8d\xf4\x94\xbd\xad',2004-03-11 10:01:36
367,Thin-Jam Hex Nut 3,HJ-5161,b'\x00',b'\x00',,1000,750,0.0,0.0,,,,,0,,,,,,1998-06-01,,,"b""\xdb\x9c\xc0\xef\xd5\xec\xb5M\x9e''}\xdam\x7fP""",2004-03-11 10:01:36
368,Thin-Jam Hex Nut 4,HJ-5162,b'\x00',b'\x00',,1000,750,0.0,0.0,,,,,0,,,,,,1998-06-01,,,b'\xaa\x93\x0c\nl\xd0\xaaH\x99\xeb \xf2\xc8\xa6\xd6\xc4',2004-03-11 10:01:36
369,Thin-Jam Hex Nut 13,HJ-5811,b'\x00',b'\x00',,1000,750,0.0,0.0,,,,,0,,,,,,1998-06-01,,,b'H\x86r\xa2\x17\x95\xecM\x86\x06\xd7\xd9\x8e\xcd\x1e\x91',2004-03-11 10:01:36
370,Thin-Jam Hex Nut 14,HJ-5818,b'\x00',b'\x00',,1000,750,0.0,0.0,,,,,0,,,,,,1998-06-01,,,b'|\xd3z\n\x966DH\x863\x9f\xdd\xcd_\xce\xfc',2004-03-11 10:01:36
371,Thin-Jam Hex Nut 7,HJ-7161,b'\x00',b'\x00',,1000,750,0.0,0.0,,,,,0,,,,,,1998-06-01,,,b'\xe1\x1d\xbb\xac\x0ch4@\xa8\xc5<k\x01\xe5z\xa7',2004-03-11 10:01:36
372,Thin-Jam Hex Nut 8,HJ-7162,b'\x00',b'\x00',,1000,750,0.0,0.0,,,,,0,,,,,,1998-06-01,,,"b'\x8f\x8f\xda\xa0\xfbEbN\xab\x14\xaa""\x90\x87\xde\x1e'",2004-03-11 10:01:36
373,Thin-Jam Hex Nut 12,HJ-9080,b'\x00',b'\x00',,1000,750,0.0,0.0,,,,,0,,,,,,1998-06-01,,,b'\xcd\xcb\x99\xdb\x8d\xf1yI\x8d\xcf\x10\x12\xf3\xb1\xcb\x15',2004-03-11 10:01:36
374,Thin-Jam Hex Nut 11,HJ-9161,b'\x00',b'\x00',,1000,750,0.0,0.0,,,,,0,,,,,,1998-06-01,,,b'\xf5T.\xec\x07\x9d&L\xb9i@\xf859[\xe3',2004-03-11 10:01:36
375,Hex Nut 5,HN-1024,b'\x00',b'\x00',,1000,750,0.0,0.0,,,,,0,,,,,,1998-06-01,,,b'L\xa1\xf3\xf2\x15\xdfWI\x96mU\xe5\xfc\xad\x11a',2004-03-11 10:01:36
376,Hex Nut 6,HN-1032,b'\x00',b'\x00',,1000,750,0.0,0.0,,,,,0,,,,,,1998-06-01,,,b'\xddD>\xe7\xb7\xf0\xd4E\x90f\xe4\x9f\x1b\x1f\xe7\xd0',2004-03-11 10:01:36
377,Hex Nut 16,HN-1213,b'\x00',b'\x00',,1000,750,0.0,0.0,,,,,0,,,,,,1998-06-01,,,b'AV*+\xfe\xbfy@\xb9\xf0\x8b\xf3U\xbc9\x96',2004-03-11 10:01:36
378,Hex Nut 17,HN-1220,b'\x00',b'\x00',,1000,750,0.0,0.0,,,,,0,,,,,,1998-06-01,,,b'\xcd\xbe\x0b\xf7\xe7[\xe9N\xa9\xe7\x15xnb+\xa9',2004-03-11 10:01:36
379,Hex Nut 7,HN-1224,b'\x00',b'\x00',,1000,750,0.0,0.0,,,,,0,,,,,,1998-06-01,,,b'\xd116\xba\xd63/J\x84\x13u\x8b\xfd\xa6\xf9\xc2',2004-03-11 10:01:36
380,Hex Nut 8,HN-1420,b'\x00',b'\x00',,1000,750,0.0,0.0,,,,,0,,,,,,1998-06-01,,,b':\xb3x\xb4\xd5\x1f\xb6M\xb9\x9a\xeb;*|\x16#',2004-03-11 10:01:36
381,Hex Nut 9,HN-1428,b'\x00',b'\x00',,1000,750,0.0,0.0,,,,,0,,,,,,1998-06-01,,,b'y\xd9F\xda\xdfYmE\xb5\xae\xe7\xe8\x9f\xc5\x89\xdf',2004-03-11 10:01:36
382,Hex Nut 22,HN-3410,b'\x00',b'\x00',,1000,750,0.0,0.0,,,,,0,,,,,,1998-06-01,,,b'\x04tE/}\x19\xdfM\x98h\xa3\xaa\xd1\xb3-k',2004-03-11 10:01:36
383,Hex Nut 23,HN-3416,b'\x00',b'\x00',,1000,750,0.0,0.0,,,,,0,,,,,,1998-06-01,,,b'\x9eD\x02_\xe5\x96\xc8O\xad\xe0\x8a\x9a\x7fS6$',2004-03-11 10:01:36
384,Hex Nut 12,HN-3816,b'\x00',b'\x00',,1000,750,0.0,0.0,,,,,0,,,,,,1998-06-01,,,b'\x96v\xc92=|\x93G\xa5K=s \x0b\xad\xbc',2004-03-11 10:01:36
385,Hex Nut 13,HN-3824,b'\x00',b'\x00',,1000,750,0.0,0.0,,,,,0,,,,,,1998-06-01,,,"b""\xd0\x02\t\x8fM'KJ\x8f\xde\xe3\x7fS\xb2\xab)""",2004-03-11 10:01:36
386,Hex Nut 1,HN-4402,b'\x00',b'\x00',,1000,750,0.0,0.0,,,,,0,,,,,,1998-06-01,,,b'\x8coEWx\xcb\xecE\xb9\xb8!\xa9\xbe\\\x12\xf5',2004-03-11 10:01:36
387,Hex Nut 10,HN-5161,b'\x00',b'\x00',,1000,750,0.0,0.0,,,,,0,,,,,,1998-06-01,,,b'\xb4\x11X\x95\x17/\xf0H\xa8\xb4\x0c\x96\xcb\xa4\xaam',2004-03-11 10:01:36
388,Hex Nut 11,HN-5162,b'\x00',b'\x00',,1000,750,0.0,0.0,,,,,0,,,,,,1998-06-01,,,b'\x17\xadK}O7\x81B\x9a\xe5I\xab\xc3\xfeX]',2004-03-11 10:01:36
389,Hex Nut 2,HN-5400,b'\x00',b'\x00',,1000,750,0.0,0.0,,,,,0,,,,,,1998-06-01,,,b'\xba\xb7\xc4\x17t\x85\xc7N\xbd;zQ\xab\xa6\x1fi',2004-03-11 10:01:36
390,Hex Nut 20,HN-5811,b'\x00',b'\x00',,1000,750,0.0,0.0,,,,,0,,,,,,1998-06-01,,,b'\xb7\x90\xe9\xb4\xf7\xb3\x97O\x8f\x98\xce783\xad\xb4',2004-03-11 10:01:36
391,Hex Nut 21,HN-5818,b'\x00',b'\x00',,1000,750,0.0,0.0,,,,,0,,,,,,1998-06-01,,,b'\x02\xe7>C(\xe00F\x89\\\x8c\xdb\xd0\xf1\xfd\x89',2004-03-11 10:01:36
392,Hex Nut 3,HN-6320,b'\x00',b'\x00',,1000,750,0.0,0.0,,,,,0,,,,,,1998-06-01,,,b'\xe0\xfav\xee\x1e\x16\x9c@\xa6\xf5\x83{[\x8b4M',2004-03-11 10:01:36
393,Hex Nut 14,HN-7161,b'\x00',b'\x00',,1000,750,0.0,0.0,,,,,0,,,,,,1998-06-01,,,b'\x8c\xb8\x10\xebQS\x06L\xafQ\x11k\xaaH\xa2\xc8',2004-03-11 10:01:36
394,Hex Nut 15,HN-7162,b'\x00',b'\x00',,1000,750,0.0,0.0,,,,,0,,,,,,1998-06-01,,,b'U\x87\xe25\xf0\xe8\xbeG\xa8\xbe\xa2\x086\xdb\xe2\x8d',2004-03-11 10:01:36
395,Hex Nut 4,HN-8320,b'\x00',b'\x00',,1000,750,0.0,0.0,,,,,0,,,,,,1998-06-01,,,b'^\x8d\xabi\x01a\x03B\x81\xb1yN\x927\x82\xea',2004-03-11 10:01:36
396,Hex Nut 18,HN-9161,b'\x00',b'\x00',,1000,750,0.0,0.0,,,,,0,,,,,,1998-06-01,,,b'\x84#\xd49\xf6f\xcdL\xb4q\x05\x89\xfc?\xc5v',2004-03-11 10:01:36
397,Hex Nut 19,HN-9168,b'\x00',b'\x00',,1000,750,0.0,0.0,,,,,0,,,,,,1998-06-01,,,b'~\x82?\xb6U\x90xF\x9e\x90O\xfd\x8d\x06\xd4\xd4',2004-03-11 10:01:36
398,Handlebar Tube,HT-2981,b'\x01',b'\x00',,800,600,0.0,0.0,,,,,1,,,,,,1998-06-01,,,b'\x8e\xc5\x88\x9f\xfa\\\xc9F\x89\x94\xdaO?\xfe\x92\xed',2004-03-11 10:01:36
399,Head Tube,HT-8019,b'\x01',b'\x00',,800,600,0.0,0.0,,,,,1,,,,,,1998-06-01,,,b'H\xc0G\xb0\xfb\xb4\x80O\x94\xbc\xc5\xfc\x00\xa6\xf7\x7f',2004-03-11 10:01:36
400,LL Hub,HU-6280,b'\x01',b'\x00',,500,375,0.0,0.0,,,,,1,,L ,,,,1998-06-01,,,b'\xda-3\xab\xa5\xdd\xadD\x8cP4\xff\xac\xef\xfa\x8e',2004-03-11 10:01:36
401,HL Hub,HU-8998,b'\x01',b'\x00',,500,375,0.0,0.0,,,,,1,,,,,,1998-06-01,,,b'\xa3\x03\x94\xd5\x9e\xd1\x03H\xbd\xa2\xb46\xa6Ao\xda',2004-03-11 10:01:36
402,Keyed Washer,KW-4091,b'\x00',b'\x00',,1000,750,0.0,0.0,,,,,0,,,,,,1998-06-01,,,"b""\x84G\x02CA'\xabL\xa6\xdc\x80P\xceP\x7f.""",2004-03-11 10:01:36
403,External Lock Washer 3,LE-1000,b'\x00',b'\x00',,1000,750,0.0,0.0,,,,,0,,,,,,1998-06-01,,,b'\xf0\x124vSm\xe2C\xb3q\xdc\xbe\xd6\x9f^\x98',2004-03-11 10:01:36
404,External Lock Washer 4,LE-1200,b'\x00',b'\x00',,1000,750,0.0,0.0,,,,,0,,,,,,1998-06-01,,,b'O\xe8\xb6\x89\x08\\\xd9L\xb8\x03\x01\xf2\xce$\xe4\x17',2004-03-11 10:01:36
405,External Lock Washer 9,LE-1201,b'\x00',b'\x00',,1000,750,0.0,0.0,,,,,0,,,,,,1998-06-01,,,"b""!\xa703\xcb\xe8gN\x8d'0\r\xb6\x8c#\x95""",2004-03-11 10:01:36
406,External Lock Washer 5,LE-1400,b'\x00',b'\x00',,1000,750,0.0,0.0,,,,,0,,,,,,1998-06-01,,,b'\x98@19\x8bv\xf9I\xa7w\xaf.;\xb0k\x17',2004-03-11 10:01:36
407,External Lock Washer 7,LE-3800,b'\x00',b'\x00',,1000,750,0.0,0.0,,,,,0,,,,,,1998-06-01,,,"b's\xbc\xf7\x93""\xbd\xa0E\x9f.\xa1\x1924.k'",2004-03-11 10:01:36
408,External Lock Washer 6,LE-5160,b'\x00',b'\x00',,1000,750,0.0,0.0,,,,,0,,,,,,1998-06-01,,,b'\xb0L_\xdc\x99\xa5\xcdB\xa9o\xe9\xf0\x1b\xc1\xda\xcc',2004-03-11 10:01:36
409,External Lock Washer 1,LE-6000,b'\x00',b'\x00',,1000,750,0.0,0.0,,,,,0,,,,,,1998-06-01,,,b'\x87v+\x80t\xbc\xf8C\x98\xae!\x12\x16o\xac\xa7',2004-03-11 10:01:36
410,External Lock Washer 8,LE-7160,b'\x00',b'\x00',,1000,750,0.0,0.0,,,,,0,,,,,,1998-06-01,,,b'&\x88\xc4\x02\xad!\xf3A\x85\xa6\xbc\x9a\x85\xa4\xdc\xe4',2004-03-11 10:01:36
411,External Lock Washer 2,LE-8000,b'\x00',b'\x00',,1000,750,0.0,0.0,,,,,0,,,,,,1998-06-01,,,b'=**Pr\xcd\xadC\x8f\xb6wPQ\x87\xed\xf4',2004-03-11 10:01:36
412,Internal Lock Washer 3,LI-1000,b'\x00',b'\x00',,1000,750,0.0,0.0,,,,,0,,,,,,1998-06-01,,,b'E\x8c\x16\xf1\xd2\xe47L\xad\xad\xb7n\xaf@+q',2004-03-11 10:01:36
413,Internal Lock Washer 4,LI-1200,b'\x00',b'\x00',,1000,750,0.0,0.0,,,,,0,,,,,,1998-06-01,,,b'\xbb\x13t\x7f\xd2\xba\xe4G\x9b\xc4\xd9\x8b\x19K\xe3]',2004-03-11 10:01:36
414,Internal Lock Washer 9,LI-1201,b'\x00',b'\x00',,1000,750,0.0,0.0,,,,,0,,,,,,1998-06-01,,,b'\t\x01\x04O2\x83\xcfO\x80\x84W\xe6\xd8\xc4\x92\x83',2004-03-11 10:01:36
415,Internal Lock Washer 5,LI-1400,b'\x00',b'\x00',,1000,750,0.0,0.0,,,,,0,,,,,,1998-06-01,,,b'\xcc\xf2\x02\x0c\xb4\xbd\x94G\xa4\xf9\x0e\xb3?uE\xc2',2004-03-11 10:01:36
416,Internal Lock Washer 7,LI-3800,b'\x00',b'\x00',,1000,750,0.0,0.0,,,,,0,,,,,,1998-06-01,,,b'\xbc\xc5*<I?\xa4O\x83@\xbcL\xda\x98?F',2004-03-11 10:01:36
417,Internal Lock Washer 6,LI-5160,b'\x00',b'\x00',,1000,750,0.0,0.0,,,,,0,,,,,,1998-06-01,,,b'\xfe]\x17\x7fi\x16\xe9N\x8e\xeb{U\xfc\xe9\x96\x1c',2004-03-11 10:01:36
418,Internal Lock Washer 10,LI-5800,b'\x00',b'\x00',,1000,750,0.0,0.0,,,,,0,,,,,,1998-06-01,,,b'\xec>2\xc8\xb2\xbd3I\xb3\xc6$(v8\xadV',2004-03-11 10:01:36
419,Internal Lock Washer 1,LI-6000,b'\x00',b'\x00',,1000,750,0.0,0.0,,,,,0,,,,,,1998-06-01,,,b'-#\xf8qY+\xacA\x99\xa1\xf5\xea\x19vq\xb5',2004-03-11 10:01:36
420,Internal Lock Washer 8,LI-7160,b'\x00',b'\x00',,1000,750,0.0,0.0,,,,,0,,,,,,1998-06-01,,,b'\x865\xf0\xe2\xe8\x02\xd9L\xa3B\x1a\x8de\xd3\x93\xbd',2004-03-11 10:01:36
421,Internal Lock Washer 2,LI-8000,b'\x00',b'\x00',,1000,750,0.0,0.0,,,,,0,,,,,,1998-06-01,,,b'\x88\x1at\x97\xa1\x92rN\xb0\xaa\xbc\xb1\x98\xa1\xc3x',2004-03-11 10:01:36
422,Thin-Jam Lock Nut 9,LJ-1213,b'\x00',b'\x00',,1000,750,0.0,0.0,,,,,0,,,,,,1998-06-01,,,b';a\xa2}G3r@\xa1\xdc\x94:\xda\x16\x1d\x7f',2004-03-11 10:01:36
423,Thin-Jam Lock Nut 10,LJ-1220,b'\x00',b'\x00',,1000,750,0.0,0.0,,,,,0,,,,,,1998-06-01,,,"b""\xbe\x15\x8f\xa8\x19'AG\x93\xa4-\x96\xef7\x12\xeb""",2004-03-11 10:01:36
424,Thin-Jam Lock Nut 1,LJ-1420,b'\x00',b'\x00',,1000,750,0.0,0.0,,,,,0,,,,,,1998-06-01,,,b']\x1eFH\x8a\xd5\xe5G\x8b\xa3\xceD0\xfc\xa6\x11',2004-03-11 10:01:36
425,Thin-Jam Lock Nut 2,LJ-1428,b'\x00',b'\x00',,1000,750,0.0,0.0,,,,,0,,,,,,1998-06-01,,,b'\xb6~\x186\x84\xad\xb7G\xa5^)A\xd3C_\xe2',2004-03-11 10:01:36
426,Thin-Jam Lock Nut 15,LJ-3410,b'\x00',b'\x00',,1000,750,0.0,0.0,,,,,0,,,,,,1998-06-01,,,b'HV!\x99\xe8\xafVE\xbc\x80\xb6\xc6*\xe7O\xc8',2004-03-11 10:01:36
427,Thin-Jam Lock Nut 16,LJ-3416,b'\x00',b'\x00',,1000,750,0.0,0.0,,,,,0,,,,,,1998-06-01,,,b'2L\xfc\xb4\x9c\x04\x7fA\xbb\xb0\xf1\x9c\xdf\xd6BR',2004-03-11 10:01:36
428,Thin-Jam Lock Nut 5,LJ-3816,b'\x00',b'\x00',,1000,750,0.0,0.0,,,,,0,,,,,,1998-06-01,,,b'\x15y{\xa5e.\xdeI\x87\xba\xac\xd0\x07\xc5Z\xdb',2004-03-11 10:01:36
429,Thin-Jam Lock Nut 6,LJ-3824,b'\x00',b'\x00',,1000,750,0.0,0.0,,,,,0,,,,,,1998-06-01,,,b'\x0c\x94\xbdZ\x1f\xd6\x08A\x83\x12\x0e\xa9~F\x96\x13',2004-03-11 10:01:36
430,Thin-Jam Lock Nut 3,LJ-5161,b'\x00',b'\x00',,1000,750,0.0,0.0,,,,,0,,,,,,1998-06-01,,,b'oI\x83\x98\x85G\xfcK\x8a\xf3\xc3W4{\x9f\x89',2004-03-11 10:01:36
431,Thin-Jam Lock Nut 4,LJ-5162,b'\x00',b'\x00',,1000,750,0.0,0.0,,,,,0,,,,,,1998-06-01,,,"b'\x83\xe6^\x8c<\xd9%O\x94T""\xfa\xa4\xc3\x13e'",2004-03-11 10:01:36
432,Thin-Jam Lock Nut 13,LJ-5811,b'\x00',b'\x00',,1000,750,0.0,0.0,,,,,0,,,,,,1998-06-01,,,b'G\xa4\xe48<=\x87@\xab\xad\x97\xf0\x06R[R',2004-03-11 10:01:36
433,Thin-Jam Lock Nut 14,LJ-5818,b'\x00',b'\x00',,1000,750,0.0,0.0,,,,,0,,,,,,1998-06-01,,,b'lK\xe2\xdc\xd8v4I\xa4\xf6\xc946IC\xea',2004-03-11 10:01:36
434,Thin-Jam Lock Nut 7,LJ-7161,b'\x00',b'\x00',,1000,750,0.0,0.0,,,,,0,,,,,,1998-06-01,,,b'|\xd0J4\xa5\xcctC\xa3\xf3\x8a~\n\x1d\x99\x16',2004-03-11 10:01:36
435,Thin-Jam Lock Nut 8,LJ-7162,b'\x00',b'\x00',,1000,750,0.0,0.0,,,,,0,,,,,,1998-06-01,,,b'\xf2\x8cP\xb2O\xc6=I\x9d\xb4\rf\x01\xaf\x1fs',2004-03-11 10:01:36
436,Thin-Jam Lock Nut 12,LJ-9080,b'\x00',b'\x00',,1000,750,0.0,0.0,,,,,0,,,,,,1998-06-01,,,b'\x9fX>]\x84Ek@\xb9\xcc<\x8c\x06\x0c\xb9\xa5',2004-03-11 10:01:36
437,Thin-Jam Lock Nut 11,LJ-9161,b'\x00',b'\x00',,1000,750,0.0,0.0,,,,,0,,,,,,1998-06-01,,,b'(\x9a\x16d\x1c\x167G\xb7$\xf4/\xfd\x99\xde\x80',2004-03-11 10:01:36
438,Lock Nut 5,LN-1024,b'\x00',b'\x00',,1000,750,0.0,0.0,,,,,0,,,,,,1998-06-01,,,b'4\x1dL\xeb\x16H0A\xbb0\x07\xb4\xde@r\xb6',2004-03-11 10:01:36
439,Lock Nut 6,LN-1032,b'\x00',b'\x00',,1000,750,0.0,0.0,,,,,0,,,,,,1998-06-01,,,b'8\xbb\xcc\x98\x83FnH\xbb\xfe\xcb\xbeN\xa6<\x03',2004-03-11 10:01:36
440,Lock Nut 16,LN-1213,b'\x00',b'\x00',,1000,750,0.0,0.0,,,,,0,,,,,,1998-06-01,,,b'\xf8\x88\xfd\xbb\xc5(\xeeD\xb6%R\xe8\x829=\xfc',2004-03-11 10:01:36
441,Lock Nut 17,LN-1220,b'\x00',b'\x00',,1000,750,0.0,0.0,,,,,0,,,,,,1998-06-01,,,"b'\xa8K\xdc\x92R\xa0\xdfE\x83\xec""o\x05\x0f\x87k'",2004-03-11 10:01:36
442,Lock Nut 7,LN-1224,b'\x00',b'\x00',,1000,750,0.0,0.0,,,,,0,,,,,,1998-06-01,,,b'%\xd8\x83\xd5\x07\xc7)E\xb6\xf2\xab\xff\xa2\x1b\x81\xec',2004-03-11 10:01:36
443,Lock Nut 8,LN-1420,b'\x00',b'\x00',,1000,750,0.0,0.0,,,,,0,,,,,,1998-06-01,,,b'\xc2=\x1c\xe9\x9b\xc9\x01M\x81\x08]\xde<\x87\x83\n',2004-03-11 10:01:36
444,Lock Nut 9,LN-1428,b'\x00',b'\x00',,1000,750,0.0,0.0,,,,,0,,,,,,1998-06-01,,,b' JS\x06\x00L$H\x8b\xba\xb4\xe3\xa5rM\x93',2004-03-11 10:01:36
445,Lock Nut 22,LN-3410,b'\x00',b'\x00',,1000,750,0.0,0.0,,,,,0,,,,,,1998-06-01,,,b'\xec\xa4O\x1e~6\x8dM\x88\xb4l\xd3M\x1c\xfb\x89',2004-03-11 10:01:36
446,Lock Nut 23,LN-3416,b'\x00',b'\x00',,1000,750,0.0,0.0,,,,,0,,,,,,1998-06-01,,,b'\xc8\x14\xa8\xaf\xc8\x8e\xdbI\x9f\xee\xa2\x91\x19z\x8f\xe9',2004-03-11 10:01:36
447,Lock Nut 12,LN-3816,b'\x00',b'\x00',,1000,750,0.0,0.0,,,,,0,,,,,,1998-06-01,,,"b'\x85\x1fu\x9a0qbE\x9f""\xdb\x9c\xabn[\xbc'",2004-03-11 10:01:36
448,Lock Nut 13,LN-3824,b'\x00',b'\x00',,1000,750,0.0,0.0,,,,,0,,,,,,1998-06-01,,,b'G\x83\xbe\x06\xc1E@L\xaf\xcbj\xb3J\xd15\xfb',2004-03-11 10:01:36
449,Lock Nut 1,LN-4400,b'\x00',b'\x00',,1000,750,0.0,0.0,,,,,0,,,,,,1998-06-01,,,b'\x04\x97\xc2\x1d\xe0\xe0\xf5N\xb5\x81JRG0\xc4H',2004-03-11 10:01:36
450,Lock Nut 10,LN-5161,b'\x00',b'\x00',,1000,750,0.0,0.0,,,,,0,,,,,,1998-06-01,,,"b'\xc7&,a\x18`P@\xb6(\x8b-.hA\xfa'",2004-03-11 10:01:36
451,Lock Nut 11,LN-5162,b'\x00',b'\x00',,1000,750,0.0,0.0,,,,,0,,,,,,1998-06-01,,,b'XE\xcc[\x16l\xf1H\x92\xf0\xfd.\xef\xb1s\x06',2004-03-11 10:01:36
452,Lock Nut 2,LN-5400,b'\x00',b'\x00',,1000,750,0.0,0.0,,,,,0,,,,,,1998-06-01,,,b'}\x14\xadSm\xc1\x8cJ\xb0\x86bZ1@Ut',2004-03-11 10:01:36
453,Lock Nut 20,LN-5811,b'\x00',b'\x00',,1000,750,0.0,0.0,,,,,0,,,,,,1998-06-01,,,"b""\x0e\x03I'\xb7I$K\x8dG\xfb\xcf\x19J\xba8""",2004-03-11 10:01:36
454,Lock Nut 21,LN-5818,b'\x00',b'\x00',,1000,750,0.0,0.0,,,,,0,,,,,,1998-06-01,,,"b""4{\n\xe1\xf5\x87\xcdB\x88\xb3'\xa3\xd8\xe1k\x18""",2004-03-11 10:01:36
455,Lock Nut 3,LN-6320,b'\x00',b'\x00',,1000,750,0.0,0.0,,,,,0,,,,,,1998-06-01,,,b'\xebqP\xaaE!\x08M\x9d3\xb9\xd2\xba\x9e\x14\x93',2004-03-11 10:01:36
456,Lock Nut 14,LN-7161,b'\x00',b'\x00',,1000,750,0.0,0.0,,,,,0,,,,,,1998-06-01,,,b'=\xb0\x96\x1e\x07\xdc\x98J\xbc$\xbf[$\xc3\x93\xe5',2004-03-11 10:01:36
457,Lock Nut 15,LN-7162,b'\x00',b'\x00',,1000,750,0.0,0.0,,,,,0,,,,,,1998-06-01,,,b'+\xde\x04\xce\xcaN\x03B\xa1\x08\xb7\xd9/\xf0\xe9n',2004-03-11 10:01:36
458,Lock Nut 4,LN-8320,b'\x00',b'\x00',,1000,750,0.0,0.0,,,,,0,,,,,,1998-06-01,,,"b'\x89\x93\xbdA""\x8b5J\x9a,#=9\xad\xa7\xea'",2004-03-11 10:01:36
459,Lock Nut 19,LN-9080,b'\x00',b'\x00',,1000,750,0.0,0.0,,,,,0,,,,,,1998-06-01,,,"b'KP\x86Y\xa0""tN\xa17\xc7\xcf\x99\xa8!o'",2004-03-11 10:01:36
460,Lock Nut 18,LN-9161,b'\x00',b'\x00',,1000,750,0.0,0.0,,,,,0,,,,,,1998-06-01,,,"b'?\x96 \xa4\xfd\x92\xd4L\x851i&\xe4\x16,A'",2004-03-11 10:01:36
461,Lock Ring,LR-2398,b'\x00',b'\x00',Silver,1000,750,0.0,0.0,,,,,0,,,,,,1998-06-01,,,b'\xdaY\xca\xae\x1c\xb6vI\x83\x16\x97\xe1L\xd4\xef\xf1',2004-03-11 10:01:36
462,Lower Head Race,LR-8520,b'\x00',b'\x00',,1000,750,0.0,0.0,,,,,0,,,,,,1998-06-01,,,b'\xbfb\xb9\xdb\x03\x06\x95@\x95\x9b[\xa9\xc7O\xbd2',2004-03-11 10:01:36
463,Lock Washer 4,LW-1000,b'\x00',b'\x00',,1000,750,0.0,0.0,,,,,0,,,,,,1998-06-01,,,b'\xc5;\xee\xa3\xc5s\xf3E\xa9R\x99\x91\xd08\xdd\x9c',2004-03-11 10:01:36
464,Lock Washer 5,LW-1200,b'\x00',b'\x00',,1000,750,0.0,0.0,,,,,0,,,,,,1998-06-01,,,"b""\x8d\xd0\xae\xec\xf5,\x81M\xa4\xed\x83i\xe2Z\xf2'""",2004-03-11 10:01:36
465,Lock Washer 10,LW-1201,b'\x00',b'\x00',,1000,750,0.0,0.0,,,,,0,,,,,,1998-06-01,,,b'\xab+!\xa2X\xaf\xa5A\xa6Y\xa6\x14\x1c\x89g\xca',2004-03-11 10:01:36
466,Lock Washer 6,LW-1400,b'\x00',b'\x00',,1000,750,0.0,0.0,,,,,0,,,,,,1998-06-01,,,b'\xe1\xf2\x92\x9076iF\x85eU@JUu\x0e',2004-03-11 10:01:36
467,Lock Washer 13,LW-3400,b'\x00',b'\x00',,1000,750,0.0,0.0,,,,,0,,,,,,1998-06-01,,,b'J\x1f\xb3<\x1c\xc6\x8c@\xbe\x1eH\xbe\xe4\x12\xe5\x11',2004-03-11 10:01:36
468,Lock Washer 8,LW-3800,b'\x00',b'\x00',,1000,750,0.0,0.0,,,,,0,,,,,,1998-06-01,,,b'\xe6&\r\x90\xa0!}B\xb4<\x17?m\xcb E',2004-03-11 10:01:36
469,Lock Washer 1,LW-4000,b'\x00',b'\x00',,1000,750,0.0,0.0,,,,,0,,,,,,1998-06-01,,,b'7\xea\x02T\xdf)\xffG\x9f\xc7\x86}`YLH',2004-03-11 10:01:36
470,Lock Washer 7,LW-5160,b'\x00',b'\x00',,1000,750,0.0,0.0,,,,,0,,,,,,1998-06-01,,,b'Ur5\x99k\xe6\x8cE\xab.oh\xefTR\xd2',2004-03-11 10:01:36
471,Lock Washer 12,LW-5800,b'\x00',b'\x00',,1000,750,0.0,0.0,,,,,0,,,,,,1998-06-01,,,b'\x8e\xd5\xc9{b>\x1fH\x83C\xbe\xb0\x88;>\xcf',2004-03-11 10:01:36
472,Lock Washer 2,LW-6000,b'\x00',b'\x00',,1000,750,0.0,0.0,,,,,0,,,,,,1998-06-01,,,"b""$\x14 _j\x9e\x8dO\x9c,0w~'\xd6O""",2004-03-11 10:01:36
473,Lock Washer 9,LW-7160,b'\x00',b'\x00',,1000,750,0.0,0.0,,,,,0,,,,,,1998-06-01,,,b'\xb2oB\xf9h\x1eNF\xbf2aP&\xe0$\x9e',2004-03-11 10:01:36
474,Lock Washer 3,LW-8000,b'\x00',b'\x00',,1000,750,0.0,0.0,,,,,0,,,,,,1998-06-01,,,b'\x7f{\x00\xac\xb7s#F\x81P\x02DL^\xc0#',2004-03-11 10:01:36
475,Lock Washer 11,LW-9160,b'\x00',b'\x00',,1000,750,0.0,0.0,,,,,0,,,,,,1998-06-01,,,"b""H\x84\x9dc'\xb4\xb1G\x9e[\x0eP\x90\xa2v2""",2004-03-11 10:01:36
476,Metal Angle,MA-7075,b'\x00',b'\x00',,1000,750,0.0,0.0,,,,,0,,,,,,1998-06-01,,,b'9\xe2v\xe8\xc2~\xc8E\xbaK\xb9\xce\xac\xb3y\xa6',2004-03-11 10:01:36
477,Metal Bar 1,MB-2024,b'\x00',b'\x00',,1000,750,0.0,0.0,,,,,0,,,,,,1998-06-01,,,b'\xce)T\x8bvx\xb3D\x932\xba\xf7\x8a#\x8b6',2004-03-11 10:01:36
478,Metal Bar 2,MB-6061,b'\x00',b'\x00',,1000,750,0.0,0.0,,,,,0,,,,,,1998-06-01,,,"b""\x0e\xf6\x14*'8\xbaI\xaf\x13Fm\xbc0\xc5\xba""",2004-03-11 10:01:36
479,Metal Plate 2,MP-2066,b'\x00',b'\x00',,1000,750,0.0,0.0,,,,,0,,,,,,1998-06-01,,,b'\xc9\xa2s\x07\x7f\xf4\x9eB\x81J%\xb2\xe0\x8c\x12\x8a',2004-03-11 10:01:36
480,Metal Plate 1,MP-2503,b'\x00',b'\x00',,1000,750,0.0,0.0,,,,,0,,,,,,1998-06-01,,,b'\xbe\x89#$\xe0\xdd\xa1B\x85\xd9\xf9\x9f\xdc\x98\x136',2004-03-11 10:01:36
481,Metal Plate 3,MP-4960,b'\x00',b'\x00',,1000,750,0.0,0.0,,,,,0,,,,,,1998-06-01,,,b'\xe5\x90~\x8b\x85w^E\xbc|\xe9b\xf1\x8chH',2004-03-11 10:01:36
482,Metal Sheet 2,MS-0253,b'\x00',b'\x00',,1000,750,0.0,0.0,,,,,0,,,,,,1998-06-01,,,b'\xfbm\xb9\x8b\xaa#wH\x9c^\x86k\xb1\x8f\xac\xc7',2004-03-11 10:01:36
483,Metal Sheet 3,MS-1256,b'\x00',b'\x00',,1000,750,0.0,0.0,,,,,0,,,,,,1998-06-01,,,b'\r\xe0t\x90[\x00\x0eE\x9c\x92fgx.\x81\x08',2004-03-11 10:01:36
484,Metal Sheet 7,MS-1981,b'\x00',b'\x00',,1000,750,0.0,0.0,,,,,0,,,,,,1998-06-01,,,b'\x85\x98S\xa9\xee\x0c\xa0J\x90r\x8d\xb1\xd3J\x16\xdb',2004-03-11 10:01:36
485,Metal Sheet 4,MS-2259,b'\x00',b'\x00',,1000,750,0.0,0.0,,,,,0,,,,,,1998-06-01,,,b'}\xcf\xb3<\x8e\xab\xa3D\xb7\xe9s\x14\x9f^\xc2\x9f',2004-03-11 10:01:36
486,Metal Sheet 5,MS-2341,b'\x00',b'\x00',,1000,750,0.0,0.0,,,,,0,,,,,,1998-06-01,,,"b']U,*\x8d2\x99B\xbd\x83Y\x1d\x07b\xdfb'",2004-03-11 10:01:36
487,Metal Sheet 6,MS-2348,b'\x00',b'\x00',,1000,750,0.0,0.0,,,,,0,,,,,,1998-06-01,,,b'\x11@\x84d\xc3\xa1\x8fO\x9c\xaa\x9c\x8d!N\xcc\x12',2004-03-11 10:01:36
488,Metal Sheet 1,MS-6061,b'\x00',b'\x00',,1000,750,0.0,0.0,,,,,0,,,,,,1998-06-01,,,b'\xc6\xeb/;l\xc7VJ\x9c\xf7\x8a\xf5\xb7n$\xee',2004-03-11 10:01:36
489,Metal Tread Plate,MT-1000,b'\x00',b'\x00',,1000,750,0.0,0.0,,,,,0,,,,,,1998-06-01,,,b'l{\x17\xd2R3\xf0C\x9aAq\x97T\xdd(\x0c',2004-03-11 10:01:36
490,LL Nipple,NI-4127,b'\x00',b'\x00',,1000,750,0.0,0.0,,,,,0,,L ,,,,1998-06-01,,,b's\x0f1\x88\n\xab\xa2A\x85\x97\x93o\x19+}\x12',2004-03-11 10:01:36
491,HL Nipple,NI-9522,b'\x00',b'\x00',,1000,750,0.0,0.0,,,,,0,,,,,,1998-06-01,,,b'\x97\xb8\xa7\x88\xf5o\xa2L\xb6\x8an\xa0\xe8o\x92\xb9',2004-03-11 10:01:36
492,Paint - Black,PA-187B,b'\x00',b'\x00',,60,45,0.0,0.0,,,,,0,,,,,,1998-06-01,,,b'\x14\xe5 \xdfG=\x1bI\x94T\t\x11\xec?})',2004-03-11 10:01:36
493,Paint - Red,PA-361R,b'\x00',b'\x00',,60,45,0.0,0.0,,,,,0,,,,,,1998-06-01,,,b'W\x83VL!]\xd4J\xbb\x85\xbbU\x19\xb3\xb5\x0c',2004-03-11 10:01:36
494,Paint - Silver,PA-529S,b'\x00',b'\x00',,60,45,0.0,0.0,,,,,0,,,,,,1998-06-01,,,b'}\xe4\x81\xfa3s\xc2I\x80\x9b0\x81q\xca/\xb1',2004-03-11 10:01:36
495,Paint - Blue,PA-632U,b'\x00',b'\x00',,60,45,0.0,0.0,,,,,0,,,,,,1998-06-01,,,b'a7\xa7%\x90\xae\xd3I\x8d\x1d\xddxX\xdbG\x04',2004-03-11 10:01:36
496,Paint - Yellow,PA-823Y,b'\x00',b'\x00',,60,45,0.0,0.0,,,,,0,,,,,,1998-06-01,,,b'C\xdb\x8a\x1c\xe8\x9f\xa6D\xb9I\x8a\xf3<\xe9Hn',2004-03-11 10:01:36
497,Pinch Bolt,PB-6109,b'\x00',b'\x00',,1000,750,0.0,0.0,,,,,0,,,,,,1998-06-01,,,b'$Li\xf1\xab\xdf\x92L\xbcfnq}\xb2N\xa8',2004-03-11 10:01:36
504,Cup-Shaped Race,RA-2345,b'\x00',b'\x00',,1000,750,0.0,0.0,,,,,0,,,,,,1998-06-01,,,b'\x0e\x80L\x87M3<J\x8d:\x1e\x87-[*\x1b',2004-03-11 10:01:36
505,Cone-Shaped Race,RA-7490,b'\x00',b'\x00',,1000,750,0.0,0.0,,,,,0,,,,,,1998-06-01,,,"b""\x959\xce5\xd2\x9d\xe2@\x98\xb8'Y1\xac-v""",2004-03-11 10:01:36
506,Reflector,RF-9198,b'\x00',b'\x00',,1000,750,0.0,0.0,,,,,0,,,,,,1998-06-01,,,b'\x99\x04\x85\x1c\xed8-L\x86e~\xdbj|\xe9=',2004-03-11 10:01:36
507,LL Mountain Rim,RM-M464,b'\x00',b'\x00',,800,600,0.0,0.0,,,G  ,435.0,0,,L ,,,,1998-06-01,,,"b""\xfb}\xcc\xb2=x\x87E\x88\xc0'\x12\xa58\xa5\xb2""",2004-03-11 10:01:36
508,ML Mountain Rim,RM-M692,b'\x00',b'\x00',,800,600,0.0,0.0,,,G  ,450.0,0,,M ,,,,1998-06-01,,,b'M\xd0?s/2\xf5D\xbe\xec\xf3&\x18\x9d\x1c\xe6',2004-03-11 10:01:36
509,HL Mountain Rim,RM-M823,b'\x00',b'\x00',,800,600,0.0,0.0,,,G  ,400.0,0,,,,,,1998-06-01,,,b'\xb5\xa3\xa4\x9f\x96\xd3\xd4H\xad\xfc\xb5s\xbcJ\x80\n',2004-03-11 10:01:36
510,LL Road Rim,RM-R436,b'\x00',b'\x00',,800,600,0.0,0.0,,,G  ,445.0,0,,L ,,,,1998-06-01,,,b'W\x07w\xc2X\xb2\xecN\xa8\x11hV\xfa\xf8t7',2004-03-11 10:01:36
511,ML Road Rim,RM-R600,b'\x00',b'\x00',,800,600,0.0,0.0,,,G  ,450.0,0,,M ,,,,1998-06-01,,,b'Y\x80\x10\x80\x02\x00SB\xa8\x05S\xa22L3\xa4',2004-03-11 10:01:36
512,HL Road Rim,RM-R800,b'\x00',b'\x00',,800,600,0.0,0.0,,,G  ,400.0,0,,,,,,1998-06-01,,,b'D\\\x9b\xcd1\xfb\x0fN\x99\x05; \x86\x96l\xc5',2004-03-11 10:01:36
513,Touring Rim,RM-T801,b'\x00',b'\x00',,800,600,0.0,0.0,,,G  ,460.0,0,,,,,,1998-06-01,,,b'\x13\xdbRH\x8a0\x93H\xaa\xfa9\n\r\xfe\x9f\x12',2004-03-11 10:01:36
514,LL Mountain Seat Assembly,SA-M198,b'\x01',b'\x00',,500,375,98.77,133.34,,,,,1,,L ,,,,1998-06-01,,,b'O\n\xfc\xfccE\x0bN\xbf\xf4]\xdc\xfe:\x92s',2004-03-11 10:01:36
515,ML Mountain Seat Assembly,SA-M237,b'\x01',b'\x00',,500,375,108.99,147.14,,,,,1,,M ,,,,1998-06-01,,,b'L\xae\xc8\xd3\xbe\xa1\x8dD\xbfXn\xcb\xf3j\xfa\x0b',2004-03-11 10:01:36
516,HL Mountain Seat Assembly,SA-M687,b'\x01',b'\x00',,500,375,145.87,196.92,,,,,1,,,,,,1998-06-01,,,b'\xab\xad\x18\x9e\xc7\xb9\xb1E\xbd\x95\x18\x05\xecO)}',2004-03-11 10:01:36
517,LL Road Seat Assembly,SA-R127,b'\x01',b'\x00',,500,375,98.77,133.34,,,,,1,,L ,,,,1998-06-01,,,b'\x8d\x0b\xa3\xf5[\xf3\xf2C\x83\xa0\xf7\xf6\xb5\x1fbA',2004-03-11 10:01:36
518,ML Road Seat Assembly,SA-R430,b'\x01',b'\x00',,500,375,108.99,147.14,,,,,1,,M ,,,,1998-06-01,,,b'\x95\x93\x10\xad\xa9\xfd*L\x96\xf1Q\\\xcd\xe3\xd9\xf4',2004-03-11 10:01:36
519,HL Road Seat Assembly,SA-R522,b'\x01',b'\x00',,500,375,145.87,196.92,,,,,1,,,,,,1998-06-01,,,b'*\xeeR{\x00q9J\xa0\xaf\xc8\x90\x12\xdan\xf8',2004-03-11 10:01:36
520,LL Touring Seat Assembly,SA-T467,b'\x01',b'\x00',,500,375,98.77,133.34,,,,,1,,L ,,,,1998-06-01,,,b'\xba\x83=\xaf\x8eKr@\x81\x7f\xe6\xb0\x95\xa1\xc8y',2004-03-11 10:01:36
521,ML Touring Seat Assembly,SA-T612,b'\x01',b'\x00',,500,375,108.99,147.14,,,,,1,,M ,,,,1998-06-01,,,b'\xde\xa3\xb9\x85\x0c\x00QC\x94\x94\x05yf\x89\xc2\x16',2004-03-11 10:01:36
522,HL Touring Seat Assembly,SA-T872,b'\x01',b'\x00',,500,375,145.87,196.92,,,,,1,,,,,,1998-06-01,,,b'\xca\x1bG\x8c5\xa7\x87@\xadP\x90\xed\xe0\xac\x1a\x1b',2004-03-11 10:01:36
523,LL Spindle/Axle,SD-2342,b'\x00',b'\x00',,500,375,0.0,0.0,,,,,0,,L ,,,,1998-06-01,,,"b'U\x1f\xbd\xd2\xd4,\x98I\x89\xfa(\xff.(\xde,'",2004-03-11 10:01:36
524,HL Spindle/Axle,SD-9872,b'\x00',b'\x00',,500,375,0.0,0.0,,,,,0,,,,,,1998-06-01,,,b'\x1df\xe0l\x1f\xba\x12@\xb7\x85U\x16[;$\x1a',2004-03-11 10:01:36
525,LL Shell,SH-4562,b'\x00',b'\x00',,800,600,0.0,0.0,,,,,0,,L ,,,,1998-06-01,,,"b""\xa7\xcd{\xae6\xe8hO\x9eat_'\xf9\xaa>""",2004-03-11 10:01:36
526,HL Shell,SH-9312,b'\x00',b'\x00',,800,600,0.0,0.0,,,,,0,,,,,,1998-06-01,,,b'\xae\xa3\x15\xd2\xf2\xaa\xb0L\x9d 7X\xaa\xd0x\xe2',2004-03-11 10:01:36
527,Spokes,SK-9283,b'\x00',b'\x00',,1000,750,0.0,0.0,,,,,0,,,,,,1998-06-01,,,b')\xb7\xabZ;4\x84@\xa25\xcc\xb3\xda\x9f)\xe7',2004-03-11 10:01:36
528,Seat Lug,SL-0931,b'\x00',b'\x00',,1000,750,0.0,0.0,,,,,0,,,,,,1998-06-01,,,b'\x1e\x8b\x89J;\x9a\xebK\x98s\xa7FY4\x05\x1a',2004-03-11 10:01:36
529,Stem,SM-9087,b'\x01',b'\x00',,500,375,0.0,0.0,,,,,1,,,,,,1998-06-01,,,b'n0s\x11\x16\xb6JL\xb7\x15N\nH;\xa2\xb5',2004-03-11 10:01:36
530,Seat Post,SP-2981,b'\x00',b'\x00',,500,375,0.0,0.0,,,,,0,,,,,,1998-06-01,,,"b'\x84\xebL\x9b\x84N\xf3C\xb3&\x9b\x7f""\x90Sc'",2004-03-11 10:01:36
531,Steerer,SR-2098,b'\x01',b'\x00',,500,375,0.0,0.0,,,,,1,,,,,,1998-06-01,,,b'\xa1@\xb1\xf39\xb1\xb5K\xb1D\x1b|\xbb\xeel\x9a',2004-03-11 10:01:36
532,Seat Stays,SS-2985,b'\x01',b'\x00',,800,600,0.0,0.0,,,,,1,,,,,,1998-06-01,,,b'\x11\xc6\xc2 \xfc\xdf\xb5I\x99\xcf\xd8\x9b\xdd:\x91\xce',2004-03-11 10:01:36
533,Seat Tube,ST-9828,b'\x01',b'\x00',,500,375,0.0,0.0,,,,,1,,,,,,1998-06-01,,,b'\x8b8\xf5ASr\x02@\xbc\xc6\xb2\xa5\t \xd1\x1f',2004-03-11 10:01:36
534,Top Tube,TO-2301,b'\x01',b'\x00',,500,375,0.0,0.0,,,,,1,,,,,,1998-06-01,,,b'\x8e\xad\x0bLk\x06\xb8F\xbf\xe9\xdaaS\x96\x06\xe8',2004-03-11 10:01:36
535,Tension Pulley,TP-0923,b'\x00',b'\x00',,800,600,0.0,0.0,,,,,0,,,,,,1998-06-01,,,"b'\xb2b\xdf\x13{\x8a\xd5G\x90\x84\xf1\x17,Gy\xe4'",2004-03-11 10:01:36
679,Rear Derailleur Cage,RC-0291,b'\x00',b'\x00',Silver,500,375,0.0,0.0,,,,,0,,,,,,1998-06-01,,,b'\xea\x03+\x91GD\xc8H\x85\xda\t\xb8\n\xb2c@',2004-03-11 10:01:36
680,"HL Road Frame - Black, 58",FR-R92B-58,b'\x01',b'\x01',Black,500,375,1059.31,1431.5,58,CM ,LB ,2.24,1,R ,H ,U ,14.0,6.0,1998-06-01,,,b'\xd6h\xddC\xa4\x14\x1fF\x90iU0\x9d\x90\xea~',2004-03-11 10:01:36
706,"HL Road Frame - Red, 58",FR-R92R-58,b'\x01',b'\x01',Red,500,375,1059.31,1431.5,58,CM ,LB ,2.24,1,R ,H ,U ,14.0,6.0,1998-06-01,,,"b""\x17\xff@\x95\x12'\x90L\xa3\xd1\x8c\xe5V\x8b$b""",2004-03-11 10:01:36
707,"Sport-100 Helmet, Red",HL-U509-R,b'\x00',b'\x01',Red,4,3,13.0863,34.99,,,,,0,S ,,,31.0,33.0,2001-07-01,,,b'\x1a\xf4\x1e.\x8a\xc0\xf6O\x8a\xda\xbd\xe5\x8bd\xa7\x12',2004-03-11 10:01:36
708,"Sport-100 Helmet, Black",HL-U509,b'\x00',b'\x01',Black,4,3,13.0863,34.99,,,,,0,S ,,,31.0,33.0,2001-07-01,,,b'\xfbDZ\xa2\xde\xc2hB\x95\x8f\x11\x0b\x8dv!\xe2',2004-03-11 10:01:36
709,"Mountain Bike Socks, M",SO-B909-M,b'\x00',b'\x01',White,4,3,3.3963,9.5,M,,,,0,M ,,U ,23.0,18.0,2001-07-01,2002-06-30,,b'G_\xf9\x18@\x15\x02N\x8f\x1f\xcc\x1b\xcbh(\xd0',2004-03-11 10:01:36
710,"Mountain Bike Socks, L",SO-B909-L,b'\x00',b'\x01',White,4,3,3.3963,9.5,L,,,,0,M ,,U ,23.0,18.0,2001-07-01,2002-06-30,,b'^\x03\x1c\x16\xb3!\x14N\x8eD\xafP\x8f5\xd8\n',2004-03-11 10:01:36
711,"Sport-100 Helmet, Blue",HL-U509-B,b'\x00',b'\x01',Blue,4,3,13.0863,34.99,,,,,0,S ,,,31.0,33.0,2001-07-01,,,b'X\x08|\xfdyA\xc2H\x86[\xab\xd5\xdf\xc7\xbc\x1d',2004-03-11 10:01:36
712,AWC Logo Cap,CA-1098,b'\x00',b'\x01',Multi,4,3,6.9223,8.99,,,,,0,S ,,U ,19.0,2.0,2001-07-01,,,b'C\xe2\xed\xb9\xf4\xa6)F\xb1\xd4\xff\xe1\xae\xdcm\xe7',2004-03-11 10:01:36
713,"Long-Sleeve Logo Jersey, S",LJ-0192-S,b'\x00',b'\x01',Multi,4,3,38.4923,49.99,S,,,,0,S ,,U ,21.0,11.0,2001-07-01,,,b'\x82\x9cD\xfdY\xa2\xaeO\x85\x84l\xa0%_\xafh',2004-03-11 10:01:36
714,"Long-Sleeve Logo Jersey, M",LJ-0192-M,b'\x00',b'\x01',Multi,4,3,38.4923,49.99,M,,,,0,S ,,U ,21.0,11.0,2001-07-01,,,b'c\x00)j\xcf\xa0*C\x81\x10.\xa0\xfd\xa1C\x08',2004-03-11 10:01:36
715,"Long-Sleeve Logo Jersey, L",LJ-0192-L,b'\x00',b'\x01',Multi,4,3,38.4923,49.99,L,,,,0,S ,,U ,21.0,11.0,2001-07-01,,,b'\xf5^\xcf4w\xc0\xa0N\x91J\x08H\x14\xd5\xcb\xd5',2004-03-11 10:01:36
716,"Long-Sleeve Logo Jersey, XL",LJ-0192-X,b'\x00',b'\x01',Multi,4,3,38.4923,49.99,XL,,,,0,S ,,U ,21.0,11.0,2001-07-01,,,b'\xc9~\xc4nA\xc0\xdaM\xb6\x86!%\xd59\xce\x9b',2004-03-11 10:01:36
717,"HL Road Frame - Red, 62",FR-R92R-62,b'\x01',b'\x01',Red,500,375,868.6342,1431.5,62,CM ,LB ,2.3,1,R ,H ,U ,14.0,6.0,2001-07-01,,,b'\x8bO.\x05*\n\xb2F\x9fB\x10\xfe\xbc\xfa\xe4\x16',2004-03-11 10:01:36
718,"HL Road Frame - Red, 44",FR-R92R-44,b'\x01',b'\x01',Red,500,375,868.6342,1431.5,44,CM ,LB ,2.12,1,R ,H ,U ,14.0,6.0,2001-07-01,,,"b'T;\x8d\xa8\xae,\xf2C\x8cn\xea\x1d\x97\xb4j|'",2004-03-11 10:01:36
719,"HL Road Frame - Red, 48",FR-R92R-48,b'\x01',b'\x01',Red,500,375,868.6342,1431.5,48,CM ,LB ,2.16,1,R ,H ,U ,14.0,6.0,2001-07-01,,,b'\x9a\xfc\xbe\x074v+@\xb24\xd7yw3\xba\xaf',2004-03-11 10:01:36
720,"HL Road Frame - Red, 52",FR-R92R-52,b'\x01',b'\x01',Red,500,375,868.6342,1431.5,52,CM ,LB ,2.2,1,R ,H ,U ,14.0,6.0,2001-07-01,,,b'\x8f\xa6\xfe\xfc\x0e1nN\x9f\x99\xbb\x17\xd0\x11\xeb\xae',2004-03-11 10:01:36
721,"HL Road Frame - Red, 56",FR-R92R-56,b'\x01',b'\x01',Red,500,375,868.6342,1431.5,56,CM ,LB ,2.24,1,R ,H ,U ,14.0,6.0,2001-07-01,,,b'sX\xc8V\x93I\xb4A\x80\x96\x10g\xcf\xd7\xe4\xbd',2004-03-11 10:01:36
722,"LL Road Frame - Black, 58",FR-R38B-58,b'\x01',b'\x01',Black,500,375,204.6251,337.22,58,CM ,LB ,2.46,1,R ,L ,U ,14.0,9.0,2001-07-01,,,b'V\xf2@!\x05\xf7gM\x97]2\xde\x03&X8',2004-03-11 10:01:36
723,"LL Road Frame - Black, 60",FR-R38B-60,b'\x01',b'\x01',Black,500,375,204.6251,337.22,60,CM ,LB ,2.48,1,R ,L ,U ,14.0,9.0,2001-07-01,,,b'\xa5\xe2\x95\xaa\xc4\xe7tK\xb1\xea\xb5.\xe3\xb5\x157',2004-03-11 10:01:36
724,"LL Road Frame - Black, 62",FR-R38B-62,b'\x01',b'\x01',Black,500,375,204.6251,337.22,62,CM ,LB ,2.5,1,R ,L ,U ,14.0,9.0,2001-07-01,,,"b""3\xbeGR\xbfP'E\x8a0\xa3\x9a\xaeP\n\x8e""",2004-03-11 10:01:36
725,"LL Road Frame - Red, 44",FR-R38R-44,b'\x01',b'\x01',Red,500,375,187.1571,337.22,44,CM ,LB ,2.32,1,R ,L ,U ,14.0,9.0,2001-07-01,2003-06-30,,b'\x9d1}\x13\xadD\xb2B\xaba`\xb9\xceR\xb5\xf2',2004-03-11 10:01:36
726,"LL Road Frame - Red, 48",FR-R38R-48,b'\x01',b'\x01',Red,500,375,187.1571,337.22,48,CM ,LB ,2.36,1,R ,L ,U ,14.0,9.0,2001-07-01,2003-06-30,,"b""G5!5_'gG\x80]\xc8\xa4\xb8\xe17E""",2004-03-11 10:01:36
727,"LL Road Frame - Red, 52",FR-R38R-52,b'\x01',b'\x01',Red,500,375,187.1571,337.22,52,CM ,LB ,2.4,1,R ,L ,U ,14.0,9.0,2001-07-01,2003-06-30,,b'\xb3\xe0U\xc4\x16\xd7\x9dA\xab\xf0~\x03\xef\xdd.&',2004-03-11 10:01:36
728,"LL Road Frame - Red, 58",FR-R38R-58,b'\x01',b'\x01',Red,500,375,187.1571,337.22,58,CM ,LB ,2.46,1,R ,L ,U ,14.0,9.0,2001-07-01,2003-06-30,,b'\xffV\x9ay\xd2Z\xb3A\xbf\xacR\x8bGz\xd1)',2004-03-11 10:01:36
729,"LL Road Frame - Red, 60",FR-R38R-60,b'\x01',b'\x01',Red,500,375,187.1571,337.22,60,CM ,LB ,2.48,1,R ,L ,U ,14.0,9.0,2001-07-01,2003-06-30,,"b""\x14\xbb\x84\x17\xf5\xd1$K\x92\xda\x91'\xad\x17\x93\x02""",2004-03-11 10:01:36
730,"LL Road Frame - Red, 62",FR-R38R-62,b'\x01',b'\x01',Red,500,375,187.1571,337.22,62,CM ,LB ,2.5,1,R ,L ,U ,14.0,9.0,2001-07-01,2003-06-30,,b'\x1f\xaas~i\x85\x87M\x9f\x80\xac.Q>\x08\x03',2004-03-11 10:01:36
731,"ML Road Frame - Red, 44",FR-R72R-44,b'\x01',b'\x01',Red,500,375,352.1394,594.83,44,CM ,LB ,2.22,1,R ,M ,U ,14.0,16.0,2001-07-01,2002-06-30,,b'\x1c\x04\x9eE42\x9e@\xb4\xcd\x81r\x8f\x8a#\x98',2004-03-11 10:01:36
732,"ML Road Frame - Red, 48",FR-R72R-48,b'\x01',b'\x01',Red,500,375,352.1394,594.83,48,CM ,LB ,2.26,1,R ,M ,U ,14.0,16.0,2001-07-01,2002-06-30,,"b'\x9c\x18s\xb6B\xc0;A\x81\x94s\xbcD\xb0I,'",2004-03-11 10:01:36
733,"ML Road Frame - Red, 52",FR-R72R-52,b'\x01',b'\x01',Red,500,375,352.1394,594.83,52,CM ,LB ,2.3,1,R ,M ,U ,14.0,16.0,2001-07-01,2002-06-30,,"b""k'\xeaU\xd8\x82\xcbL\x9a\xb1\x9b\x1bu\xb1Z\x83""",2004-03-11 10:01:36
734,"ML Road Frame - Red, 58",FR-R72R-58,b'\x01',b'\x01',Red,500,375,352.1394,594.83,58,CM ,LB ,2.36,1,R ,M ,U ,14.0,16.0,2001-07-01,2002-06-30,,b'\xe2\xe1L\xdf\x9a\xbaWF\xb9\x99\xcc\xfalU\xd9\xc1',2004-03-11 10:01:36
735,"ML Road Frame - Red, 60",FR-R72R-60,b'\x01',b'\x01',Red,500,375,352.1394,594.83,60,CM ,LB ,2.38,1,R ,M ,U ,14.0,16.0,2001-07-01,2002-06-30,,b'\x8c\x8e\xe4\xb2\xa5c\x9aF\xbaLO^\xbb\x11\x04\xa4',2004-03-11 10:01:36
736,"LL Road Frame - Black, 44",FR-R38B-44,b'\x01',b'\x01',Black,500,375,204.6251,337.22,44,CM ,LB ,2.32,1,R ,L ,U ,14.0,9.0,2001-07-01,,,b'\x89x\x96\xc9\x90\xf4fJ\x94:\xbc\xe42\xe98\xd8',2004-03-11 10:01:36
737,"LL Road Frame - Black, 48",FR-R38B-48,b'\x01',b'\x01',Black,500,375,204.6251,337.22,48,CM ,LB ,2.36,1,R ,L ,U ,14.0,9.0,2001-07-01,,,"b'\xb6)_;A\xa4\xf7O\xa0\xfa\xfa\xd1\x0e,\xebL'",2004-03-11 10:01:36
738,"LL Road Frame - Black, 52",FR-R38B-52,b'\x01',b'\x01',Black,500,375,204.6251,337.22,52,CM ,LB ,2.4,1,R ,L ,U ,14.0,9.0,2001-07-01,,,b'r]\xfc\x18\x12\xa0\xc7M\xbb5\r\x01\xa8M\x02\x19',2004-03-11 10:01:36
739,"HL Mountain Frame - Silver, 42",FR-M94S-42,b'\x01',b'\x01',Silver,500,375,747.2002,1364.5,42,CM ,LB ,2.72,1,M ,H ,U ,12.0,5.0,2001-07-01,,,b'c&\xe3\x8ao\x8d}E\x83C[\x18\x1f\xecC\xa7',2004-03-11 10:01:36
740,"HL Mountain Frame - Silver, 44",FR-M94S-44,b'\x01',b'\x01',Silver,500,375,706.811,1364.5,44,CM ,LB ,2.76,1,M ,H ,U ,12.0,5.0,2001-07-01,2002-06-30,,b'\x0c\xc6\t\x19\x90\xc4\x1dA\xb3\xe6\x12\xdd\xd7\x83$\x82',2004-03-11 10:01:36
741,"HL Mountain Frame - Silver, 48",FR-M94S-52,b'\x01',b'\x01',Silver,500,375,706.811,1364.5,48,CM ,LB ,2.8,1,M ,H ,U ,12.0,5.0,2001-07-01,2002-06-30,,b'\x1f\xec\x81\xb1 \xca$G\xb2\xeb\x15\xf3\xe4U\x14.',2004-03-11 10:01:36
742,"HL Mountain Frame - Silver, 46",FR-M94S-46,b'\x01',b'\x01',Silver,500,375,747.2002,1364.5,46,CM ,LB ,2.84,1,M ,H ,U ,12.0,5.0,2001-07-01,,,b'n\xd8\x89\xa1#\xd96C\xb1=\xa5\xdboBe@',2004-03-11 10:01:36
743,"HL Mountain Frame - Black, 42",FR-M94B-42,b'\x01',b'\x01',Black,500,375,739.041,1349.6,42,CM ,LB ,2.72,1,M ,H ,U ,12.0,5.0,2001-07-01,,,"b""\xf8(\xdb'\xb8Z\x91@\xb9No\x1b-\x8ez\xb0""",2004-03-11 10:01:36
744,"HL Mountain Frame - Black, 44",FR-M94B-44,b'\x01',b'\x01',Black,500,375,699.0928,1349.6,44,CM ,LB ,2.76,1,M ,H ,U ,12.0,5.0,2001-07-01,2002-06-30,,b'\x862D\xcb%k\x9f@\xa1\x0b\x1a\xd4\xee\xb4\xbdN',2004-03-11 10:01:36
745,"HL Mountain Frame - Black, 48",FR-M94B-48,b'\x01',b'\x01',Black,500,375,699.0928,1349.6,48,CM ,LB ,2.8,1,M ,H ,U ,12.0,5.0,2001-07-01,2002-06-30,,b's\x05\xee\x1fvf-C\x8dmA\xba\x9f\xaaXe',2004-03-11 10:01:36
746,"HL Mountain Frame - Black, 46",FR-M94B-46,b'\x01',b'\x01',Black,500,375,739.041,1349.6,46,CM ,LB ,2.84,1,M ,H ,U ,12.0,5.0,2001-07-01,,,b'\xcb\xeb\xabP\x1eE\xb9B\x8d\xbb\xe5\xc4\xa3Dp\xe9',2004-03-11 10:01:36
747,"HL Mountain Frame - Black, 38",FR-M94B-38,b'\x01',b'\x01',Black,500,375,739.041,1349.6,38,CM ,LB ,2.68,2,M ,H ,U ,12.0,5.0,2001-07-01,,,b'w\x85T\x0cq1\xe2L\xb9\xa0\x1e\xd5&\x84\x9d\xe8',2004-03-11 10:01:36
748,"HL Mountain Frame - Silver, 38",FR-M94S-38,b'\x01',b'\x01',Silver,500,375,747.2002,1364.5,38,CM ,LB ,2.68,2,M ,H ,U ,12.0,5.0,2001-07-01,,,b'\xaa\xacF\xf2\x0b\xa8\xec@\x92\x08\x02\xed\xef\x88Q)',2004-03-11 10:01:36
749,"Road-150 Red, 62",BK-R93R-62,b'\x01',b'\x01',Red,100,75,2171.2942,3578.27,62,CM ,LB ,15.0,4,R ,H ,U ,2.0,25.0,2001-07-01,2002-06-30,,b'\x1f\x1eb\xbcS%\xdcO\xb2.^D\xa9\x005i',2004-03-11 10:01:36
750,"Road-150 Red, 44",BK-R93R-44,b'\x01',b'\x01',Red,100,75,2171.2942,3578.27,44,CM ,LB ,13.77,4,R ,H ,U ,2.0,25.0,2001-07-01,2002-06-30,,b'6\x11\x9e\xc1\xa4]@K\x87XT\xa8]~\xa4\x94',2004-03-11 10:01:36
751,"Road-150 Red, 48",BK-R93R-48,b'\x01',b'\x01',Red,100,75,2171.2942,3578.27,48,CM ,LB ,14.13,4,R ,H ,U ,2.0,25.0,2001-07-01,2002-06-30,,b'\xc1|\x0b\xd1^E[C\xa0\x8f\xec[\x1cWv\xe9',2004-03-11 10:01:36
752,"Road-150 Red, 52",BK-R93R-52,b'\x01',b'\x01',Red,100,75,2171.2942,3578.27,52,CM ,LB ,14.42,4,R ,H ,U ,2.0,25.0,2001-07-01,2002-06-30,,b'\xa0[\x08^\xd5<\x7fH\x85\xbby\xed\x1cp\x1f#',2004-03-11 10:01:36
753,"Road-150 Red, 56",BK-R93R-56,b'\x01',b'\x01',Red,100,75,2171.2942,3578.27,56,CM ,LB ,14.68,4,R ,H ,U ,2.0,25.0,2001-07-01,2002-06-30,,b'\x88\x9b\x810\xd3\xf0zN\x81\x05\x19\xf6\xfa\xc2\xce\xfb',2004-03-11 10:01:36
754,"Road-450 Red, 58",BK-R68R-58,b'\x01',b'\x01',Red,100,75,884.7083,1457.99,58,CM ,LB ,17.79,4,R ,M ,U ,2.0,28.0,2001-07-01,2002-06-30,,b'\xfa\xef\xd5@\xc4\xc0\x9fG\xaff_\x1b\xf8\xed;\xfb',2004-03-11 10:01:36
755,"Road-450 Red, 60",BK-R68R-60,b'\x01',b'\x01',Red,100,75,884.7083,1457.99,60,CM ,LB ,17.9,4,R ,M ,U ,2.0,28.0,2001-07-01,2002-06-30,,b'\xcb\x90\x1a\x18x6\x0eI\x84\x18x\xf7?\xb54=',2004-03-11 10:01:36
756,"Road-450 Red, 44",BK-R68R-44,b'\x01',b'\x01',Red,100,75,884.7083,1457.99,44,CM ,LB ,16.77,4,R ,M ,U ,2.0,28.0,2001-07-01,2002-06-30,,b'j\xe2\xb5\xf83=9N\xb5\x00\xcc!\xa13\x06.',2004-03-11 10:01:36
757,"Road-450 Red, 48",BK-R68R-48,b'\x01',b'\x01',Red,100,75,884.7083,1457.99,48,CM ,LB ,17.13,4,R ,M ,U ,2.0,28.0,2001-07-01,2002-06-30,,"b'x\x99,\xc7\x04\x0b\xb3F\x9d\xe6\x94\x8f\xec\xa1\xc8n'",2004-03-11 10:01:36
758,"Road-450 Red, 52",BK-R68R-52,b'\x01',b'\x01',Red,100,75,884.7083,1457.99,52,CM ,LB ,17.42,4,R ,M ,U ,2.0,28.0,2001-07-01,2002-06-30,,b'}K\n\x04`@\x07E\xaa\x92u\x08\xb44y~',2004-03-11 10:01:36
759,"Road-650 Red, 58",BK-R50R-58,b'\x01',b'\x01',Red,100,75,486.7066,782.99,58,CM ,LB ,19.79,4,R ,L ,U ,2.0,30.0,2001-07-01,2003-06-30,,b'\xbc\xd6\x11gOf\x90H\x9fi\xaf\x1d\xe3!\xd0U',2004-03-11 10:01:36
760,"Road-650 Red, 60",BK-R50R-60,b'\x01',b'\x01',Red,100,75,486.7066,782.99,60,CM ,LB ,19.9,4,R ,L ,U ,2.0,30.0,2001-07-01,2003-06-30,,b'\xe5gHf\xb3J\x83G\x96\xf9B\xef\xde\x92\xf4\x9b',2004-03-11 10:01:36
761,"Road-650 Red, 62",BK-R50R-62,b'\x01',b'\x01',Red,100,75,486.7066,782.99,62,CM ,LB ,20.0,4,R ,L ,U ,2.0,30.0,2001-07-01,2003-06-30,,b'\tN\xa1\x1dqm*N\x9e\xe9\x1b\xdf\xdf\xd8\xa1\t',2004-03-11 10:01:36
762,"Road-650 Red, 44",BK-R50R-44,b'\x01',b'\x01',Red,100,75,486.7066,782.99,44,CM ,LB ,18.77,4,R ,L ,U ,2.0,30.0,2001-07-01,2003-06-30,,b'\xae\xaaG\xf2\xe3\x12H@\xa3{\xcc\xe4\xa8\x99\x9e\x81',2004-03-11 10:01:36
763,"Road-650 Red, 48",BK-R50R-48,b'\x01',b'\x01',Red,100,75,486.7066,782.99,48,CM ,LB ,19.13,4,R ,L ,U ,2.0,30.0,2001-07-01,2003-06-30,,"b""n\xfa\xa5=\x0f\x9e\x96H\xac\x10\x94\x8c'\xf4\xeby""",2004-03-11 10:01:36
764,"Road-650 Red, 52",BK-R50R-52,b'\x01',b'\x01',Red,100,75,486.7066,782.99,52,CM ,LB ,19.42,4,R ,L ,U ,2.0,30.0,2001-07-01,2003-06-30,,b'\xea\xe1\xcf\x077\x8a*M\x83_\xbc\x8d7\xe5d\xaf',2004-03-11 10:01:36
765,"Road-650 Black, 58",BK-R50B-58,b'\x01',b'\x01',Black,100,75,486.7066,782.99,58,CM ,LB ,19.79,4,R ,L ,U ,2.0,30.0,2001-07-01,2003-06-30,,"b'\x12[dt\xe9<\xa6I\xbd\x96,\xd8\x14\xb3t '",2004-03-11 10:01:36
766,"Road-650 Black, 60",BK-R50B-60,b'\x01',b'\x01',Black,100,75,486.7066,782.99,60,CM ,LB ,19.9,4,R ,L ,U ,2.0,30.0,2001-07-01,2003-06-30,,b'm\x19\xdb\xa2@f\xeaI\xa8O.\x87\xcaoP\xc6',2004-03-11 10:01:36
767,"Road-650 Black, 62",BK-R50B-62,b'\x01',b'\x01',Black,100,75,486.7066,782.99,62,CM ,LB ,20.0,4,R ,L ,U ,2.0,30.0,2001-07-01,2003-06-30,,b'\t\x83*\xc8\xd3c\x0cL\xadq\xe9\x12r9p\x95',2004-03-11 10:01:36
768,"Road-650 Black, 44",BK-R50B-44,b'\x01',b'\x01',Black,100,75,486.7066,782.99,44,CM ,LB ,18.77,4,R ,L ,U ,2.0,30.0,2001-07-01,2003-06-30,,b'\xacc\xd5\x11\\\x11\rO\xa1\xe5\xe9F\xee\xe8\xb3\x8b',2004-03-11 10:01:36
769,"Road-650 Black, 48",BK-R50B-48,b'\x01',b'\x01',Black,100,75,486.7066,782.99,48,CM ,LB ,19.13,4,R ,L ,U ,2.0,30.0,2001-07-01,2003-06-30,,b'\x9e\x17\xe2\xa7|\x13~I\xa5\xe6\xc9\xead\x93_\xb0',2004-03-11 10:01:36
770,"Road-650 Black, 52",BK-R50B-52,b'\x01',b'\x01',Black,100,75,486.7066,782.99,52,CM ,LB ,19.42,4,R ,L ,U ,2.0,30.0,2001-07-01,2003-06-30,,b'e(n\x13\xda\xe0$F\x96:14\x92y\xab\x1a',2004-03-11 10:01:36
771,"Mountain-100 Silver, 38",BK-M82S-38,b'\x01',b'\x01',Silver,100,75,1912.1544,3399.99,38,CM ,LB ,20.35,4,M ,H ,U ,1.0,19.0,2001-07-01,2002-06-30,,b'N\xb5t\xca0\xfcdD\x8b\x83\x01\x9b\xfd\x1b-\xbb',2004-03-11 10:01:36
772,"Mountain-100 Silver, 42",BK-M82S-42,b'\x01',b'\x01',Silver,100,75,1912.1544,3399.99,42,CM ,LB ,20.77,4,M ,H ,U ,1.0,19.0,2001-07-01,2002-06-30,,b'\xa5\xf5\xff\xbb\xdcK\xa9I\xa5\xadu\x84\xad\xff\xe8\x08',2004-03-11 10:01:36
773,"Mountain-100 Silver, 44",BK-M82S-44,b'\x01',b'\x01',Silver,100,75,1912.1544,3399.99,44,CM ,LB ,21.13,4,M ,H ,U ,1.0,19.0,2001-07-01,2002-06-30,,b'~\xd7_\x15\xd6\xd6\xf0C\x8a[J\x83\x05\xebE\xcd',2004-03-11 10:01:36
774,"Mountain-100 Silver, 48",BK-M82S-48,b'\x01',b'\x01',Silver,100,75,1912.1544,3399.99,48,CM ,LB ,21.42,4,M ,H ,U ,1.0,19.0,2001-07-01,2002-06-30,,b'\xdfQU\xba\xee\xc9CK\xb3\xca\x8c\x19\xd0\xf98M',2004-03-11 10:01:36
775,"Mountain-100 Black, 38",BK-M82B-38,b'\x01',b'\x01',Black,100,75,1898.0944,3374.99,38,CM ,LB ,20.35,4,M ,H ,U ,1.0,19.0,2001-07-01,2002-06-30,,b'G3\xa3\xde\xd3\xfcFC\xaa\x0f\x06\x8c\xd6\xb3\xad\x06',2004-03-11 10:01:36
776,"Mountain-100 Black, 42",BK-M82B-42,b'\x01',b'\x01',Black,100,75,1898.0944,3374.99,42,CM ,LB ,20.77,4,M ,H ,U ,1.0,19.0,2001-07-01,2002-06-30,,"b'\x11Q\x93\x02F\xa5mL\x94\x1f\xbe\x12\xd4,\x15\x8e'",2004-03-11 10:01:36
777,"Mountain-100 Black, 44",BK-M82B-44,b'\x01',b'\x01',Black,100,75,1898.0944,3374.99,44,CM ,LB ,21.13,4,M ,H ,U ,1.0,19.0,2001-07-01,2002-06-30,,b';\xbc y\xd4\x8f\x10F\x93\xd2\xe6\x93\xa6kdt',2004-03-11 10:01:36
778,"Mountain-100 Black, 48",BK-M82B-48,b'\x01',b'\x01',Black,100,75,1898.0944,3374.99,48,CM ,LB ,21.42,4,M ,H ,U ,1.0,19.0,2001-07-01,2002-06-30,,b'\x00cH\x1bd~]L\xa9\xba\xa86\x8e \xc5\xa0',2004-03-11 10:01:36
779,"Mountain-200 Silver, 38",BK-M68S-38,b'\x01',b'\x01',Silver,100,75,1265.6195,2319.99,38,CM ,LB ,23.35,4,M ,H ,U ,1.0,20.0,2002-07-01,,,b'5\xd8E:\xae\xab\x06H\xac\x03\xc5:\xbc\xd3\xb9t',2004-03-11 10:01:36
780,"Mountain-200 Silver, 42",BK-M68S-42,b'\x01',b'\x01',Silver,100,75,1265.6195,2319.99,42,CM ,LB ,23.77,4,M ,H ,U ,1.0,20.0,2002-07-01,,,b'\xb4IH\xce\xe6VPK\x80\x8b\x9b\xdeg\xccG\x04',2004-03-11 10:01:36
781,"Mountain-200 Silver, 46",BK-M68S-46,b'\x01',b'\x01',Silver,100,75,1265.6195,2319.99,46,CM ,LB ,24.13,4,M ,H ,U ,1.0,20.0,2002-07-01,,,"b'0\x90y \x0cBjI\x99""\t\x18\x9c+E~'",2004-03-11 10:01:36
782,"Mountain-200 Black, 38",BK-M68B-38,b'\x01',b'\x01',Black,100,75,1251.9813,2294.99,38,CM ,LB ,23.35,4,M ,H ,U ,1.0,20.0,2002-07-01,,,b'\x9b\x8f\xcb\x82\xbb\xb8AH\x98\xd3\xbc\xdb\x80|M\xd8',2004-03-11 10:01:36
783,"Mountain-200 Black, 42",BK-M68B-42,b'\x01',b'\x01',Black,100,75,1251.9813,2294.99,42,CM ,LB ,23.77,4,M ,H ,U ,1.0,20.0,2002-07-01,,,b'\xb9\xf5\n+qu!F\xb7`G\xdfY\x9f\x96P',2004-03-11 10:01:36
784,"Mountain-200 Black, 46",BK-M68B-46,b'\x01',b'\x01',Black,100,75,1251.9813,2294.99,46,CM ,LB ,24.13,4,M ,H ,U ,1.0,20.0,2002-07-01,,,"b'\x84""\xf43\x16\xe2\x98K\xbaH\xb4\xee\x18\xa0\x1f\xa0'",2004-03-11 10:01:36
785,"Mountain-300 Black, 38",BK-M47B-38,b'\x01',b'\x01',Black,100,75,598.4354,1079.99,38,CM ,LB ,25.35,4,M ,M ,U ,1.0,21.0,2002-07-01,2003-06-30,,"b'\xbf,l\xf0\x01\t\x08L\x80\xed\xfbN\x87\x17\x1b;'",2004-03-11 10:01:36
786,"Mountain-300 Black, 40",BK-M47B-40,b'\x01',b'\x01',Black,100,75,598.4354,1079.99,40,CM ,LB ,25.77,4,M ,M ,U ,1.0,21.0,2002-07-01,2003-06-30,,"b'""C\rX\x03\xbe\x91L\x83\xd2\xee3\xec`\x08\xab'",2004-03-11 10:01:36
787,"Mountain-300 Black, 44",BK-M47B-44,b'\x01',b'\x01',Black,100,75,598.4354,1079.99,44,CM ,LB ,26.13,4,M ,M ,U ,1.0,21.0,2002-07-01,2003-06-30,,b'H\xa5\xc2\x07R\x04\xb4G\x9d\xcen\xdb\n0\xc8^',2004-03-11 10:01:36
788,"Mountain-300 Black, 48",BK-M47B-48,b'\x01',b'\x01',Black,100,75,598.4354,1079.99,48,CM ,LB ,26.42,4,M ,M ,U ,1.0,21.0,2002-07-01,2003-06-30,,b'\xbe\x8d\x07\x16\x8d8\x18L\xaa\x8f\x0c\x8fH\x03Th',2004-03-11 10:01:36
789,"Road-250 Red, 44",BK-R89R-44,b'\x01',b'\x01',Red,100,75,1518.7864,2443.35,44,CM ,LB ,14.77,4,R ,H ,U ,2.0,26.0,2002-07-01,2003-06-30,,b'\xd6\x1a\xa7\n\xaf\xaf\xc6C\x97E5\xd8\x15\xb5\n[',2004-03-11 10:01:36
790,"Road-250 Red, 48",BK-R89R-48,b'\x01',b'\x01',Red,100,75,1518.7864,2443.35,48,CM ,LB ,15.13,4,R ,H ,U ,2.0,26.0,2002-07-01,2003-06-30,,b'\xde\xda]\x11\xe3p\xf9C\x80\xdcc\x8d\xae\xa2q\xc4',2004-03-11 10:01:36
791,"Road-250 Red, 52",BK-R89R-52,b'\x01',b'\x01',Red,100,75,1518.7864,2443.35,52,CM ,LB ,15.42,4,R ,H ,U ,2.0,26.0,2002-07-01,2003-06-30,,b'\xf4\x1d\xfd\xc9\x12\x95\nB\xb3y\x06q\x08\x03;u',2004-03-11 10:01:36
792,"Road-250 Red, 58",BK-R89R-58,b'\x01',b'\x01',Red,100,75,1554.9479,2443.35,58,CM ,LB ,15.79,4,R ,H ,U ,2.0,26.0,2002-07-01,,,b'\x11\x9cb\xdf\x8b\x8dtG\x9dR\xec\xb6M\xc9R\x12',2004-03-11 10:01:36
793,"Road-250 Black, 44",BK-R89B-44,b'\x01',b'\x01',Black,100,75,1554.9479,2443.35,44,CM ,LB ,14.77,4,R ,H ,U ,2.0,26.0,2002-07-01,,,b'\xb5\x19\xf4\x1f\xafR~O\xae\xaeO\xec^\x99\xde5',2004-03-11 10:01:36
794,"Road-250 Black, 48",BK-R89B-48,b'\x01',b'\x01',Black,100,75,1554.9479,2443.35,48,CM ,LB ,15.13,4,R ,H ,U ,2.0,26.0,2002-07-01,,,b'\xdf]\x16\x9d]\x8f\xc7A\x9b\xb8\x13\xf4\x1a=\x1fb',2004-03-11 10:01:36
795,"Road-250 Black, 52",BK-R89B-52,b'\x01',b'\x01',Black,100,75,1554.9479,2443.35,52,CM ,LB ,15.42,4,R ,H ,U ,2.0,26.0,2002-07-01,,,b'W9\xfet\xc3\xcb\nE\xab\x92\x84\x9b\xd150\xe2',2004-03-11 10:01:36
796,"Road-250 Black, 58",BK-R89B-58,b'\x01',b'\x01',Black,100,75,1554.9479,2443.35,58,CM ,LB ,15.68,4,R ,H ,U ,2.0,26.0,2002-07-01,,,b'\xe8\x0fS\x1ci\xa1\xdcJ\xb3\xdc\xb1\x1aH$^c',2004-03-11 10:01:36
797,"Road-550-W Yellow, 38",BK-R64Y-38,b'\x01',b'\x01',Yellow,100,75,713.0798,1120.49,38,CM ,LB ,17.35,4,R ,M ,W ,2.0,29.0,2002-07-01,,,b'2\x15\xd8\xaar\xa5\xa5I\x83\xc3\xdf\xa9\xe3\xb4\xfe\xa6',2004-03-11 10:01:36
798,"Road-550-W Yellow, 40",BK-R64Y-40,b'\x01',b'\x01',Yellow,100,75,713.0798,1120.49,40,CM ,LB ,17.77,4,R ,M ,W ,2.0,29.0,2002-07-01,,,b'5\x1cZ\xa3(\xc1\x97F\x95\x1eA\x99\x06.x\xf3',2004-03-11 10:01:36
799,"Road-550-W Yellow, 42",BK-R64Y-42,b'\x01',b'\x01',Yellow,100,75,713.0798,1120.49,42,CM ,LB ,18.13,4,R ,M ,W ,2.0,29.0,2002-07-01,,,b'\t\xabY\xa3\xf2\x16&G\xa6\x0f\r\xfd\xb1\xc9R~',2004-03-11 10:01:36
800,"Road-550-W Yellow, 44",BK-R64Y-44,b'\x01',b'\x01',Yellow,100,75,713.0798,1120.49,44,CM ,LB ,18.42,4,R ,M ,W ,2.0,29.0,2002-07-01,,,"b""\xfb(p\n\x06\xff8M\xaa\xa1\xb6H\x16'\x81e""",2004-03-11 10:01:36
801,"Road-550-W Yellow, 48",BK-R64Y-48,b'\x01',b'\x01',Yellow,100,75,713.0798,1120.49,48,CM ,LB ,18.68,4,R ,M ,W ,2.0,29.0,2002-07-01,,,b'w\xc8\x0c\xc9L\x80\xe7L\xaf\xc3L\x87\x91\xa1=\xfb',2004-03-11 10:01:36
802,LL Fork,FK-1639,b'\x01',b'\x01',,500,375,65.8097,148.22,,,,,1,,L ,,10.0,104.0,2002-07-01,2003-06-30,,b'\xbe\x02\x85\xfb\xeb\x074A\xab\x06\xc3\xa9\x95\x9aR\xae',2004-03-11 10:01:36
803,ML Fork,FK-5136,b'\x01',b'\x01',,500,375,77.9176,175.49,,,,,1,,M ,,10.0,105.0,2002-07-01,2003-06-30,,b'/N\xfa\xf5v\xb9\xa4H\xbfy\x85c/i}.',2004-03-11 10:01:36
804,HL Fork,FK-9939,b'\x01',b'\x01',,500,375,101.8936,229.49,,,,,1,,H ,,10.0,106.0,2002-07-01,2003-06-30,,"b'\xb3)2U\xd9\x1aqJ\xa2\x1c*\xf43,\xfc\xe9'",2004-03-11 10:01:36
805,LL Headset,HS-0296,b'\x01',b'\x01',,500,375,15.1848,34.2,,,,,1,,L ,,11.0,59.0,2002-07-01,2003-06-30,,b'\xb3\xd7k\xbbM\xa3dM\x82.x\x1f\xa6\x83\x8e\x19',2004-03-11 10:01:36
806,ML Headset,HS-2451,b'\x01',b'\x01',,500,375,45.4168,102.29,,,,,1,,M ,,11.0,60.0,2002-07-01,2003-06-30,,b'+\xd5\xb5#)\x8cY@\xb8\x99u\xc5;^\xe2\xe6',2004-03-11 10:01:36
807,HL Headset,HS-3479,b'\x01',b'\x01',,500,375,55.3801,124.73,,,,,1,,H ,,11.0,61.0,2002-07-01,2003-06-30,,b'\xe8\xd5\xe4\x12\xedy\xcbK\xa52bu\xd1\xa94\x17',2004-03-11 10:01:36
808,LL Mountain Handlebars,HB-M243,b'\x01',b'\x01',,500,375,19.7758,44.54,,,,,1,M ,L ,,4.0,52.0,2002-07-01,,,b'\xf2{\x9b\xb5\xfcztJ\xb0c\xf9B\xf1\xe0\xda\x19',2004-03-11 10:01:36
809,ML Mountain Handlebars,HB-M763,b'\x01',b'\x01',,500,375,27.4925,61.92,,,,,1,M ,M ,,4.0,54.0,2002-07-01,,,b'\xdf `\xae\xc9\xd94M\x97\x95\x1f\x80\xe6\xbb\xf5\xa5',2004-03-11 10:01:36
810,HL Mountain Handlebars,HB-M918,b'\x01',b'\x01',,500,375,53.3999,120.27,,,,,1,M ,H ,,4.0,55.0,2002-07-01,,,b'!\xf9\xa0j\t\x0f\x99O\x8d<3YF\x875S',2004-03-11 10:01:36
811,LL Road Handlebars,HB-R504,b'\x01',b'\x01',,500,375,19.7758,44.54,,,,,1,R ,L ,,4.0,56.0,2002-07-01,,,b'\x07\xe4\xda\xac\x0e\xb4^C\x8e\x84\x1b\xfc3\x01>\x81',2004-03-11 10:01:36
812,ML Road Handlebars,HB-R720,b'\x01',b'\x01',,500,375,27.4925,61.92,,,,,1,R ,M ,,4.0,57.0,2002-07-01,,,b'\x03\x1a\xfa3\xd68^@\xbe\x9b\xee\xa9/= O',2004-03-11 10:01:36
813,HL Road Handlebars,HB-R956,b'\x01',b'\x01',,500,375,53.3999,120.27,,,,,1,R ,H ,,4.0,58.0,2002-07-01,,,"b""\xb9'S\\.\xad3L\x8dt\xed\xf4\x9e\x0c-\xd8""",2004-03-11 10:01:36
814,"ML Mountain Frame - Black, 38",FR-M63B-38,b'\x01',b'\x01',Black,500,375,185.8193,348.76,38,CM ,LB ,2.73,2,M ,M ,U ,12.0,15.0,2002-07-01,2003-06-30,,b'\x12\x93\x87\r\xd3\xa7\x1dD\x9d#\xb6U\x0b\xab8\x14',2004-03-11 10:01:36
815,LL Mountain Front Wheel,FW-M423,b'\x01',b'\x01',Black,500,375,26.9708,60.745,,,,,1,M ,L ,,17.0,42.0,2002-07-01,2003-06-30,,b'a\xd1\xb1\xd7.\x18\xf6D\xa9\xff\x9c\x1e\xbava;',2004-03-11 10:01:36
816,ML Mountain Front Wheel,FW-M762,b'\x01',b'\x01',Black,500,375,92.8071,209.025,,,,,1,M ,M ,,17.0,45.0,2002-07-01,2003-06-30,,b'3P>^w\x9a\xcaM\x8b\x7f\xdf\xedx\xef\xa0\x8a',2004-03-11 10:01:36
817,HL Mountain Front Wheel,FW-M928,b'\x01',b'\x01',Black,500,375,133.2955,300.215,,,,,1,M ,H ,,17.0,46.0,2002-07-01,2003-06-30,,b'\xf6\xff\x8f<\xdc\xa8\xa3E\x96;\xa6(L\xedu\x96',2004-03-11 10:01:36
818,LL Road Front Wheel,FW-R623,b'\x01',b'\x01',Black,500,375,37.9909,85.565,,,G  ,900.0,1,R ,L ,,17.0,49.0,2002-07-01,2003-06-30,,b'x\xdef\x9e\xcb\xde\x8aC\xb9\xa9\x02<w<`\xa2',2004-03-11 10:01:36
819,ML Road Front Wheel,FW-R762,b'\x01',b'\x01',Black,500,375,110.2829,248.385,,,G  ,850.0,1,R ,M ,,17.0,50.0,2002-07-01,2003-06-30,,b'\xbfO\xa9n\xaa\xb9\xfcC\x84\xe8\x91\xd5\x08\xdd\xe7Q',2004-03-11 10:01:36
820,HL Road Front Wheel,FW-R820,b'\x01',b'\x01',Black,500,375,146.5466,330.06,,,G  ,650.0,1,R ,H ,,17.0,51.0,2002-07-01,2003-06-30,,b'\xd5<zr@\x8d\x84H\xa7\xe4\xdf\xd3\xff\xde\xb1d',2004-03-11 10:01:36
821,Touring Front Wheel,FW-T905,b'\x01',b'\x01',Black,500,375,96.7964,218.01,,,,,1,T ,,,17.0,44.0,2002-07-01,2003-06-30,,b'\x07\xdb\x1c\x8d\xa1O\xc1J\x84\x0f\xa1l=\xcaP\t',2004-03-11 10:01:36
822,"ML Road Frame-W - Yellow, 38",FR-R72Y-38,b'\x01',b'\x01',Yellow,500,375,360.9428,594.83,38,CM ,LB ,2.18,2,R ,M ,W ,14.0,17.0,2002-07-01,,,"b'\xa7o\x97""\xd0\n\xf9@\xb4\xf9\xba\x10\'\x9e\xa1\xa3'",2004-03-11 10:01:36
823,LL Mountain Rear Wheel,RW-M423,b'\x01',b'\x01',Black,500,375,38.9588,87.745,,,,,1,M ,L ,,17.0,123.0,2002-07-01,2003-06-30,,b'X\x9f\xc3\xe6_\x99\x86G\xa3\t\xdf8\x12\xd8\xb3\x0f',2004-03-11 10:01:36
824,ML Mountain Rear Wheel,RW-M762,b'\x01',b'\x01',Black,500,375,104.7951,236.025,,,,,1,M ,M ,,17.0,124.0,2002-07-01,2003-06-30,,b'\x9b\xcf\xf7\xb2\xbf\xa7\xabI\x9c\xca\x9fny\x1c\xd6\x93',2004-03-11 10:01:36
825,HL Mountain Rear Wheel,RW-M928,b'\x01',b'\x01',Black,500,375,145.2835,327.215,,,,,1,M ,H ,,17.0,125.0,2002-07-01,2003-06-30,,b'\xdc.\xd05 \x11\xfbA\xb5\xdf\x86U\xa9;3S',2004-03-11 10:01:36
826,LL Road Rear Wheel,RW-R623,b'\x01',b'\x01',Black,500,375,49.9789,112.565,,,G  ,1050.0,1,R ,L ,,17.0,126.0,2002-07-01,2003-06-30,,b'\x17\x11\xd0x\xcd\x8d_F\x9d\xc7\x94\xa2\xcd\xc3U\x82',2004-03-11 10:01:36
827,ML Road Rear Wheel,RW-R762,b'\x01',b'\x01',Black,500,375,122.2709,275.385,,,G  ,1000.0,1,R ,M ,,17.0,77.0,2002-07-01,2003-06-30,,b'\x9a\x9fs\xcf\xf0\n\x10H\xb2)\xc41\xa3\x1dwy',2004-03-11 10:01:36
828,HL Road Rear Wheel,RW-R820,b'\x01',b'\x01',Black,500,375,158.5346,357.06,,,G  ,890.0,1,R ,H ,,17.0,78.0,2002-07-01,2003-06-30,,b'7*&\x8f\xaaC\xd5J\xae\x1f\x8b\xd6\x96}\x8e\x9b',2004-03-11 10:01:36
829,Touring Rear Wheel,RW-T905,b'\x01',b'\x01',Black,500,375,108.7844,245.01,,,,,1,T ,,,17.0,43.0,2002-07-01,2003-06-30,,b'M%\xd20m\xe2\x86E\xb4\xc5\xe8\xcc\xb8\xa0Y\xb8',2004-03-11 10:01:36
830,"ML Mountain Frame - Black, 40",FR-M63B-40,b'\x01',b'\x01',Black,500,375,185.8193,348.76,40,CM ,LB ,2.77,1,M ,M ,U ,12.0,14.0,2002-07-01,2003-06-30,,b'\xc4\xc9\xd1\xae9\xc1\xd2E\xb3\x8e\n\n\x9fQ\x86e',2004-03-11 10:01:36
831,"ML Mountain Frame - Black, 44",FR-M63B-44,b'\x01',b'\x01',Black,500,375,185.8193,348.76,44,CM ,LB ,2.81,1,M ,M ,U ,12.0,14.0,2002-07-01,2003-06-30,,b'\xd45!?_\xec0N\xbd\xe8TDQ\x8f\x067',2004-03-11 10:01:36
832,"ML Mountain Frame - Black, 48",FR-M63B-48,b'\x01',b'\x01',Black,500,375,185.8193,348.76,48,CM ,LB ,2.85,1,M ,M ,U ,12.0,14.0,2002-07-01,2003-06-30,,b'i\x9b\x00\xc2Z\xf1\xecG\xb7\x10\x18\t\xd2\x991\x8a',2004-03-11 10:01:36
833,"ML Road Frame-W - Yellow, 40",FR-R72Y-40,b'\x01',b'\x01',Yellow,500,375,360.9428,594.83,40,CM ,LB ,2.22,1,R ,M ,W ,14.0,17.0,2002-07-01,,,"b'\xf2&\xdf""\xbc`>I\xa1JU\x00c>\x9f~'",2004-03-11 10:01:36
834,"ML Road Frame-W - Yellow, 42",FR-R72Y-42,b'\x01',b'\x01',Yellow,500,375,360.9428,594.83,42,CM ,LB ,2.26,1,R ,M ,W ,14.0,17.0,2002-07-01,,,b'\xdaT{ \x04T]A\x85x\x9aE\x08.;\xf1',2004-03-11 10:01:36
835,"ML Road Frame-W - Yellow, 44",FR-R72Y-44,b'\x01',b'\x01',Yellow,500,375,360.9428,594.83,44,CM ,LB ,2.3,1,R ,M ,W ,14.0,17.0,2002-07-01,,,b'\x92\xd4\xfa\xa0$\xac\xcfO\x8d*\xd2\x1d\x068j\xe1',2004-03-11 10:01:36
836,"ML Road Frame-W - Yellow, 48",FR-R72Y-48,b'\x01',b'\x01',Yellow,500,375,360.9428,594.83,48,CM ,LB ,2.34,1,R ,M ,W ,14.0,17.0,2002-07-01,,,b'\xe0\xbf\x87\x848!\x1eG\x9cm\xfd\xb3\xa6~}\x86',2004-03-11 10:01:36
837,"HL Road Frame - Black, 62",FR-R92B-62,b'\x01',b'\x01',Black,500,375,868.6342,1431.5,62,CM ,LB ,2.3,1,R ,H ,U ,14.0,6.0,2002-07-01,,,b'\x8c\x9c\xce]\x94\xfb\xf8F\xb8&\x11e\x8fj6\x82',2004-03-11 10:01:36
838,"HL Road Frame - Black, 44",FR-R92B-44,b'\x01',b'\x01',Black,500,375,868.6342,1431.5,44,CM ,LB ,2.12,1,R ,H ,U ,14.0,6.0,2002-07-01,,,b'V&\x90\xe4\xbc\xa4\x08K\x9dGO=\xa0\xfdv\xc3',2004-03-11 10:01:36
839,"HL Road Frame - Black, 48",FR-R92B-48,b'\x01',b'\x01',Black,500,375,868.6342,1431.5,48,CM ,LB ,2.16,1,R ,H ,U ,14.0,6.0,2002-07-01,,,b';`{U{@\xa4A\xae4OwG\x86m\xba',2004-03-11 10:01:36
840,"HL Road Frame - Black, 52",FR-R92B-52,b'\x01',b'\x01',Black,500,375,868.6342,1431.5,52,CM ,LB ,2.2,1,R ,H ,U ,14.0,6.0,2002-07-01,,,b'\xb3\x82\xd0\x0e\xba\xfb\xafC\x91I\x87A\xb9\xfcx\xc8',2004-03-11 10:01:36
841,"Men's Sports Shorts, S",SH-M897-S,b'\x00',b'\x01',Black,4,3,24.7459,59.99,S,,,,0,S ,,M ,22.0,13.0,2002-07-01,2003-06-30,,"b'\x1f\x8c\xb04\xd1\x99\xc4C\x8e\xf7,\xd7T\xb6f]'",2004-03-11 10:01:36
842,"Touring-Panniers, Large",PA-T100,b'\x00',b'\x01',Grey,4,3,51.5625,125.0,,,,,0,T ,,,35.0,120.0,2002-07-01,2003-06-30,,b'\xffO3V\xd4\x91^I\xbf\x98\x93;\xc1\x01\x0f#',2004-03-11 10:01:36
843,Cable Lock,LO-C100,b'\x00',b'\x01',,4,3,10.3125,25.0,,,,,0,S ,,,34.0,115.0,2002-07-01,2003-06-30,,b'\xb9\xd7\xffV\x14\x10@F\xb1\xbd\xb2d\x95\x89\xb4\xd7',2004-03-11 10:01:36
844,Minipump,PU-0452,b'\x00',b'\x01',,4,3,8.2459,19.99,,,,,0,S ,,,36.0,116.0,2002-07-01,2003-06-30,,b'v\xa0\xf7\xaa\xe3\x9e\xbfF\xa6\x9fAM\x84~\x85\x8b',2004-03-11 10:01:36
845,Mountain Pump,PU-M044,b'\x00',b'\x01',,4,3,10.3084,24.99,,,,,0,M ,,,36.0,117.0,2002-07-01,2003-06-30,,b'\x80\x9f\x16W\xfb\xfaxF\x8fQ\xfe\x1f\x13\x1d\x0c\x83',2004-03-11 10:01:36
846,Taillights - Battery-Powered,LT-T990,b'\x00',b'\x01',,4,3,5.7709,13.99,,,,,0,R ,,,33.0,108.0,2002-07-01,2003-06-30,,"b'\x87{a<\xa5PLC\xa0\xd3""1Kp\'\xee'",2004-03-11 10:01:36
847,Headlights - Dual-Beam,LT-H902,b'\x00',b'\x01',,4,3,14.4334,34.99,,,,,0,R ,,,33.0,109.0,2002-07-01,2003-06-30,,b'\xcb\xb6}A\x8f\xf3\rK\x87\xe7\xe1\xeb\xf7El:',2004-03-11 10:01:36
848,Headlights - Weatherproof,LT-H903,b'\x00',b'\x01',,4,3,18.5584,44.99,,,,,0,R ,,,33.0,110.0,2002-07-01,2003-06-30,,"b'\x1a,6\xfc\x9cK_M\xa6\xd3\x07u\x84la\xf0'",2004-03-11 10:01:36
849,"Men's Sports Shorts, M",SH-M897-M,b'\x00',b'\x01',Black,4,3,24.7459,59.99,M,,,,0,S ,,M ,22.0,13.0,2002-07-01,2003-06-30,,b'5\xb47\xdb\xb9t\xd3C\xb3c\xab\xbe\xad\x10{\xc4',2004-03-11 10:01:36
850,"Men's Sports Shorts, L",SH-M897-L,b'\x00',b'\x01',Black,4,3,24.7459,59.99,L,,,,0,S ,,M ,22.0,13.0,2002-07-01,2003-06-30,,"b'\xc5\x84Aq\x9bf\xf1L\xa8\x020\xe7\xb1\xeaw""'",2004-03-11 10:01:36
851,"Men's Sports Shorts, XL",SH-M897-X,b'\x00',b'\x01',Black,4,3,24.7459,59.99,XL,,,,0,S ,,M ,22.0,13.0,2002-07-01,2003-06-30,,b'@\xfe?\xbd.\xfe\xcbD\xa4\xe0\x81xl:u\x1f',2004-03-11 10:01:36
852,"Women's Tights, S",TG-W091-S,b'\x00',b'\x01',Black,4,3,30.9334,74.99,S,,,,0,S ,,W ,24.0,38.0,2002-07-01,2003-06-30,,b'\x98l\xe8}[OUA\x85r\xc9w\xf1N\xba\xeb',2004-03-11 10:01:36
853,"Women's Tights, M",TG-W091-M,b'\x00',b'\x01',Black,4,3,30.9334,74.99,M,,,,0,S ,,W ,24.0,38.0,2002-07-01,2003-06-30,,b'l\x18\x8eM\xc9\xb8dL\xb4\x11I\x95\xdd\x87\xe3\x16',2004-03-11 10:01:36
854,"Women's Tights, L",TG-W091-L,b'\x00',b'\x01',Black,4,3,30.9334,74.99,L,,,,0,S ,,W ,24.0,38.0,2002-07-01,2003-06-30,,b'\xf3\xc2x\xe3\xf6T\xa9N\xb0I\xe8\xbb2\xb5\xbd\xfd',2004-03-11 10:01:36
855,"Men's Bib-Shorts, S",SB-M891-S,b'\x00',b'\x01',Multi,4,3,37.1209,89.99,S,,,,0,S ,,M ,18.0,12.0,2002-07-01,2003-06-30,,b'\x1e\xaf`\x9f\x11L\x90N\xba\xeaH\xe84\xe8\xb4\xc2',2004-03-11 10:01:36
856,"Men's Bib-Shorts, M",SB-M891-M,b'\x00',b'\x01',Multi,4,3,37.1209,89.99,M,,,,0,S ,,M ,18.0,12.0,2002-07-01,2003-06-30,,b'\x04\xec\xcb\xe0\xfc\xf4\x0fE\x97\x80\xf8\xeav\x91\xfe\xbd',2004-03-11 10:01:36
857,"Men's Bib-Shorts, L",SB-M891-L,b'\x00',b'\x01',Multi,4,3,37.1209,89.99,L,,,,0,S ,,M ,18.0,12.0,2002-07-01,2003-06-30,,b'\xa4u\xdf\xe1\x86\x99\x9eH\xa5\xde\xad=\xa8$\xeb^',2004-03-11 10:01:36
858,"Half-Finger Gloves, S",GL-H102-S,b'\x00',b'\x01',Black,4,3,9.1593,24.49,S,,,,0,S ,,U ,20.0,4.0,2002-07-01,,,b'\xc3\xb5\x1d\x9e\x9dSa@\x943\xd7b\xdc\x19\\\xd8',2004-03-11 10:01:36
859,"Half-Finger Gloves, M",GL-H102-M,b'\x00',b'\x01',Black,4,3,9.1593,24.49,M,,,,0,S ,,U ,20.0,4.0,2002-07-01,,,b'\xd5\x8fE\x9d-9\xb1J\xaf\xefjUH\xe4\x88X',2004-03-11 10:01:36
860,"Half-Finger Gloves, L",GL-H102-L,b'\x00',b'\x01',Black,4,3,9.1593,24.49,L,,,,0,S ,,U ,20.0,4.0,2002-07-01,,,b'\x15\x02q\xfa_\x92YI\x81\xdfS\x8er\xa6\xa2U',2004-03-11 10:01:36
861,"Full-Finger Gloves, S",GL-F110-S,b'\x00',b'\x01',Black,4,3,15.6709,37.99,S,,,,0,M ,,U ,20.0,3.0,2002-07-01,2003-06-30,,"b'\x97\xc0\xfav\xb3\x1fkE\x8f\xb9,za7q\xb4'",2004-03-11 10:01:36
862,"Full-Finger Gloves, M",GL-F110-M,b'\x00',b'\x01',Black,4,3,15.6709,37.99,M,,,,0,M ,,U ,20.0,3.0,2002-07-01,2003-06-30,,"b'\x1e""\x84\x10\x90\x18>D\x9d\x87\xaf\xca\xd65\x83U'",2004-03-11 10:01:36
863,"Full-Finger Gloves, L",GL-F110-L,b'\x00',b'\x01',Black,4,3,15.6709,37.99,L,,,,0,M ,,U ,20.0,3.0,2002-07-01,2003-06-30,,"b'\xd4\xf9\x16a\x1d\x8a""@\xa6B\x9cD\\\x19r\x03'",2004-03-11 10:01:36
864,"Classic Vest, S",VE-C304-S,b'\x00',b'\x01',Blue,4,3,23.749,63.5,S,,,,0,S ,,U ,25.0,1.0,2003-07-01,,,b'\xf3>B\xeb\x9d@\xfeF\xb3[\xd6\x99p\x82\x03\x14',2004-03-11 10:01:36
865,"Classic Vest, M",VE-C304-M,b'\x00',b'\x01',Blue,4,3,23.749,63.5,M,,,,0,S ,,U ,25.0,1.0,2003-07-01,,,b'n\xf9R.\xa1di@\x91\x1c\xe3\xfdn\tJ\x1e',2004-03-11 10:01:36
866,"Classic Vest, L",VE-C304-L,b'\x00',b'\x01',Blue,4,3,23.749,63.5,L,,,,0,S ,,U ,25.0,1.0,2003-07-01,,,b'\xa8\xf5\x112\xc4\xb6\xbdH\x9a\xa4\xd6\x9c\xb4\r\x97\xdd',2004-03-11 10:01:36
867,"Women's Mountain Shorts, S",SH-W890-S,b'\x00',b'\x01',Black,4,3,26.1763,69.99,S,,,,0,M ,,W ,22.0,37.0,2003-07-01,,,"b'\xd2oa""\x9f\xb9}O\xac\xf63\xdf\xf6mB\xd2'",2004-03-11 10:01:36
868,"Women's Mountain Shorts, M",SH-W890-M,b'\x00',b'\x01',Black,4,3,26.1763,69.99,M,,,,0,M ,,W ,22.0,37.0,2003-07-01,,,b'\x106\x8e\x96\x83\xe5\xe8B\x8a\xb6HJy\x9b\x17t',2004-03-11 10:01:36
869,"Women's Mountain Shorts, L",SH-W890-L,b'\x00',b'\x01',Black,4,3,26.1763,69.99,L,,,,0,M ,,W ,22.0,37.0,2003-07-01,,,b'D\xb2f\x1a\xa0\\SA\xb59\xae\x04\x8d\x14\xfa\xec',2004-03-11 10:01:36
870,Water Bottle - 30 oz.,WB-H098,b'\x00',b'\x01',,4,3,1.8663,4.99,,,,,0,S ,,,28.0,111.0,2003-07-01,,,b'\x1a\x8dN\x83\xa7iBL\x8bh\xfa\x08\xd9\xec\x9e[',2004-03-11 10:01:36
871,Mountain Bottle Cage,BC-M005,b'\x00',b'\x01',,4,3,3.7363,9.99,,,,,0,M ,,,28.0,112.0,2003-07-01,,,b'\xde\x91Dh\xf8c2F\x90\xe36w<Nc\xbd',2004-03-11 10:01:36
872,Road Bottle Cage,BC-R205,b'\x00',b'\x01',,4,3,3.3623,8.99,,,,,0,R ,,,28.0,113.0,2003-07-01,,,b'\xe8\x1f\x1b`\xd0\xd4\xfbL\x93y)H\x1c\xc0R\x91',2004-03-11 10:01:36
873,Patch Kit/8 Patches,PK-7098,b'\x00',b'\x01',,4,3,0.8565,2.29,,,,,0,S ,,,37.0,114.0,2003-07-01,,,"b'\xe48\xe66\xdfh\x1bA\x93\n\xda\xadW""\x1a\xa6'",2004-03-11 10:01:36
874,"Racing Socks, M",SO-R809-M,b'\x00',b'\x01',White,4,3,3.3623,8.99,M,,,,0,R ,,U ,23.0,24.0,2003-07-01,,,b'\n\xeb\xc7\xb9\xd1\x1d\x1dJ\xb4\xc3\x1d\xad\x83\xa8\xea~',2004-03-11 10:01:36
875,"Racing Socks, L",SO-R809-L,b'\x00',b'\x01',White,4,3,3.3623,8.99,L,,,,0,R ,,U ,23.0,24.0,2003-07-01,,,b'\x05c\xa1\xc0\xb7t\xaeO\xb5\xc9>\x8b\xd0\xe4Gb',2004-03-11 10:01:36
876,Hitch Rack - 4-Bike,RA-H123,b'\x00',b'\x01',,4,3,44.88,120.0,,,,,0,S ,,,26.0,118.0,2003-07-01,,,b'\xbdK\x0czy\x96YO\x9e\xbc\x9d\xaf49\xa3\x8a',2004-03-11 10:01:36
877,Bike Wash - Dissolver,CL-9009,b'\x00',b'\x01',,4,3,2.9733,7.95,,,,,0,S ,,,29.0,119.0,2003-07-01,,,b'\xad\xb5@<(\xe3\x15G\x88\xa7\xec2 \xf0*\xcf',2004-03-11 10:01:36
878,Fender Set - Mountain,FE-6654,b'\x00',b'\x01',,4,3,8.2205,21.98,,,,,0,M ,,,30.0,121.0,2003-07-01,,,b'\x7fl\xe7\xe6E\xc1\xadL\xa9\xe8\xb1\xe4\xe8E\xa2\xc0',2004-03-11 10:01:36
879,All-Purpose Bike Stand,ST-1401,b'\x00',b'\x01',,4,3,59.466,159.0,,,,,0,M ,,,27.0,122.0,2003-07-01,,,b'KV\xbb\xc77\xa6\xf5@\xb2\x1b\xcb\xf7\xe4\xf7\x13\xbe',2004-03-11 10:01:36
880,Hydration Pack - 70 oz.,HY-1023-70,b'\x00',b'\x01',Silver,4,3,20.5663,54.99,70,,,,0,S ,,,32.0,107.0,2003-07-01,,,b'\xc0\x90\x9d\xa9\xe2\x05DN\xad\x90\xc5\\\x9f\x07\x84\xde',2004-03-11 10:01:36
881,"Short-Sleeve Classic Jersey, S",SJ-0194-S,b'\x00',b'\x01',Yellow,4,3,41.5723,53.99,S,,,,0,S ,,U ,21.0,32.0,2003-07-01,,,b'\x0f\xe2\xb2\x05\x99#\xb3L\x9bI\xb2\x8dfI\xc1\x04',2004-03-11 10:01:36
882,"Short-Sleeve Classic Jersey, M",SJ-0194-M,b'\x00',b'\x01',Yellow,4,3,41.5723,53.99,M,,,,0,S ,,U ,21.0,32.0,2003-07-01,,,b';\x00\xbf\xbb}6qM\xafq\x10\xf5\x0bb4\xa0',2004-03-11 10:01:36
883,"Short-Sleeve Classic Jersey, L",SJ-0194-L,b'\x00',b'\x01',Yellow,4,3,41.5723,53.99,L,,,,0,S ,,U ,21.0,32.0,2003-07-01,,,b'\xb8Y\x9f-$\x9f\xebF\x98\xadU>H\xbb\x9d\xb9',2004-03-11 10:01:36
884,"Short-Sleeve Classic Jersey, XL",SJ-0194-X,b'\x00',b'\x01',Yellow,4,3,41.5723,53.99,XL,,,,0,S ,,U ,21.0,32.0,2003-07-01,,,b'\xf6Bm\x90\x1f\xc2 M\xb5(\x02\xff\xdbU\xfd\x1e',2004-03-11 10:01:36
885,"HL Touring Frame - Yellow, 60",FR-T98Y-60,b'\x01',b'\x01',Yellow,500,375,601.7437,1003.91,60,CM ,LB ,3.08,1,T ,H ,U ,16.0,7.0,2003-07-01,,,b'\xbdy\x96\xc4\xa9\x96vA\xa7\xed[\xc6\xd6DFG',2004-03-11 10:01:36
886,"LL Touring Frame - Yellow, 62",FR-T67Y-62,b'\x01',b'\x01',Yellow,500,375,199.8519,333.42,62,CM ,LB ,3.2,1,T ,L ,U ,16.0,10.0,2003-07-01,,,b'\xa6RM\x8d\xbc\x8a\x05L\xbeM\xc0g\xfa\xf1\xa6N',2004-03-11 10:01:36
887,"HL Touring Frame - Yellow, 46",FR-T98Y-46,b'\x01',b'\x01',Yellow,500,375,601.7437,1003.91,46,CM ,LB ,2.96,1,T ,H ,U ,16.0,7.0,2003-07-01,,,b'\xa7uv\x13\xcd4zK\xab\xe1N\x0e\xeby\xb6]',2004-03-11 10:01:36
888,"HL Touring Frame - Yellow, 50",FR-T98Y-50,b'\x01',b'\x01',Yellow,500,375,601.7437,1003.91,50,CM ,LB ,3.0,1,T ,H ,U ,16.0,7.0,2003-07-01,,,b'\xe5\xc6^\x10\xc50\xe3O\xa0\x8b\xcb2L\x852=',2004-03-11 10:01:36
889,"HL Touring Frame - Yellow, 54",FR-T98Y-54,b'\x01',b'\x01',Yellow,500,375,601.7437,1003.91,54,CM ,LB ,3.04,1,T ,H ,U ,16.0,7.0,2003-07-01,,,b'\x17\xf3\xb1\x12\x9b\xc3\xd0H\xb1\xa7\x80\x18\xc6\n\xeaS',2004-03-11 10:01:36
890,"HL Touring Frame - Blue, 46",FR-T98U-46,b'\x01',b'\x01',Blue,500,375,601.7437,1003.91,46,CM ,LB ,2.96,1,T ,H ,U ,16.0,7.0,2003-07-01,,,b'74\xbd\x8b\x8b\xa5\xa0A\x95\x03\xfc\x14\xb2>vx',2004-03-11 10:01:36
891,"HL Touring Frame - Blue, 50",FR-T98U-50,b'\x01',b'\x01',Blue,500,375,601.7437,1003.91,50,CM ,LB ,3.0,1,T ,H ,U ,16.0,7.0,2003-07-01,,,b'\x0cO$\xc4\xce\xab\x1bE\xa8\x95\x83\xc0\xe6\xd1\xf4H',2004-03-11 10:01:36
892,"HL Touring Frame - Blue, 54",FR-T98U-54,b'\x01',b'\x01',Blue,500,375,601.7437,1003.91,54,CM ,LB ,3.04,1,T ,H ,U ,16.0,7.0,2003-07-01,,,b'G\xe9\xaa\xe9\xc3k\tI\x897>\x1c\xdc\xec\x8a\x8f',2004-03-11 10:01:36
893,"HL Touring Frame - Blue, 60",FR-T98U-60,b'\x01',b'\x01',Blue,500,375,601.7437,1003.91,60,CM ,LB ,3.08,1,T ,H ,U ,16.0,7.0,2003-07-01,,,b'\xa4Q\x19\xb0\x81\xa5\x10M\x9d\xc2Q]\xa1\x80\xf1\xb8',2004-03-11 10:01:36
894,Rear Derailleur,RD-2308,b'\x01',b'\x01',Silver,500,375,53.9282,121.46,,,G  ,215.0,1,,,,9.0,127.0,2003-07-01,,,b'\x02\xcf\xbf^>N:D\xad`Z\xee\xf2\x8d\xacv',2004-03-11 10:01:36
895,"LL Touring Frame - Blue, 50",FR-T67U-50,b'\x01',b'\x01',Blue,500,375,199.8519,333.42,50,CM ,LB ,3.1,1,T ,L ,U ,16.0,10.0,2003-07-01,,,b'\xca\xcc\x8e\xb7\x88\xfaq@\x91\x10A\x05\x85\x12~F',2004-03-11 10:01:36
896,"LL Touring Frame - Blue, 54",FR-T67U-54,b'\x01',b'\x01',Blue,500,375,199.8519,333.42,54,CM ,LB ,3.14,1,T ,L ,U ,16.0,10.0,2003-07-01,,,b'\xc9\x99\xf7\x0f\x11\xdd\x81K\xaa\xf7eA\x00\x17@[',2004-03-11 10:01:36
897,"LL Touring Frame - Blue, 58",FR-T67U-58,b'\x01',b'\x01',Blue,500,375,199.8519,333.42,58,CM ,LB ,3.16,1,T ,L ,U ,16.0,10.0,2003-07-01,,,b'G\xfa\xd4\xcc\x94q\xd0K\x90\x9b\x1f\xa4\xbdy\x16\xa7',2004-03-11 10:01:36
898,"LL Touring Frame - Blue, 62",FR-T67U-62,b'\x01',b'\x01',Blue,500,375,199.8519,333.42,62,CM ,LB ,3.2,1,T ,L ,U ,16.0,10.0,2003-07-01,,,b'\xa5\x11\xa2\x08\xd2\xdc\xd0B\x92vd\xd9-H\x90\xa6',2004-03-11 10:01:36
899,"LL Touring Frame - Yellow, 44",FR-T67Y-44,b'\x01',b'\x01',Yellow,500,375,199.8519,333.42,44,CM ,LB ,3.02,1,T ,L ,U ,16.0,10.0,2003-07-01,,,b'\xbc\xb7\x9c\x10\xc6n6J\x85\xc8U\xb8C\xb2\xab\x12',2004-03-11 10:01:36
900,"LL Touring Frame - Yellow, 50",FR-T67Y-50,b'\x01',b'\x01',Yellow,500,375,199.8519,333.42,50,CM ,LB ,3.1,1,T ,L ,U ,16.0,10.0,2003-07-01,,,b'\x82\xd6_(G\xc6\xd1I\xb8\xf36\x8aC\xc9\xcd\xa0',2004-03-11 10:01:36
901,"LL Touring Frame - Yellow, 54",FR-T67Y-54,b'\x01',b'\x01',Yellow,500,375,199.8519,333.42,54,CM ,LB ,3.14,1,T ,L ,U ,16.0,10.0,2003-07-01,,,b'\xb2\xe36%\xda\xd4\xe6I\x96Z\xf6\x12\xc2\xc8\x91O',2004-03-11 10:01:36
902,"LL Touring Frame - Yellow, 58",FR-T67Y-58,b'\x01',b'\x01',Yellow,500,375,199.8519,333.42,58,CM ,LB ,3.16,1,T ,L ,U ,16.0,10.0,2003-07-01,,,b'\x1c\xff\x17]\x0e\xf5\x8fC\xa4\xe9|@\x0f\xb7b\xe7',2004-03-11 10:01:36
903,"LL Touring Frame - Blue, 44",FR-T67U-44,b'\x01',b'\x01',Blue,500,375,199.8519,333.42,44,CM ,LB ,3.02,1,T ,L ,U ,16.0,10.0,2003-07-01,,,b'\xe7{\xc1\xe9\xdc\xf4^F\xabs\xc0\x19\x8f7\xbf\xdd',2004-03-11 10:01:36
904,"ML Mountain Frame-W - Silver, 40",FR-M63S-40,b'\x01',b'\x01',Silver,500,375,199.3757,364.09,40,CM ,LB ,2.77,1,M ,M ,W ,12.0,15.0,2003-07-01,,,b'>\xe4\xdd\xa7\xd5\xf7u@\xa0\xc1\xc8f\xadz\xa1T',2004-03-11 10:01:36
905,"ML Mountain Frame-W - Silver, 42",FR-M63S-42,b'\x01',b'\x01',Silver,500,375,199.3757,364.09,42,CM ,LB ,2.81,1,M ,M ,W ,12.0,15.0,2003-07-01,,,b'\xad\xfc\xa2\xd4c\x1e\xbdN\x86<Z|H\xd5\xb8\xd9',2004-03-11 10:01:36
906,"ML Mountain Frame-W - Silver, 46",FR-M63S-46,b'\x01',b'\x01',Silver,500,375,199.3757,364.09,46,CM ,LB ,2.85,1,M ,M ,W ,12.0,15.0,2003-07-01,,,b'c\\\x02\x82({-A\x92\xc1@\x8e\x0ej\xe6F',2004-03-11 10:01:36
907,Rear Brakes,RB-9231,b'\x00',b'\x01',Silver,500,375,47.286,106.5,,,G  ,317.0,1,,,,6.0,128.0,2003-07-01,,,b'c\xf1FY\xf0\x93AA\xb1~U\xd9w\x8c\xc2t',2004-03-11 10:01:36
908,LL Mountain Seat/Saddle,SE-M236,b'\x00',b'\x01',,500,375,12.0413,27.12,,,,,1,M ,L ,,15.0,79.0,2003-07-01,,,"b'\xc5S\xabM\xe71\xd6G\xa5\xa0\x94\x0f\x8dM\xad""'",2004-03-11 10:01:36
909,ML Mountain Seat/Saddle,SE-M798,b'\x00',b'\x01',,500,375,17.3782,39.14,,,,,1,M ,M ,,15.0,80.0,2003-07-01,,,"b'D""""0\xd8\x0f(M\x84H\xf2\xe6X\xbfR\xbd'",2004-03-11 10:01:36
910,HL Mountain Seat/Saddle,SE-M940,b'\x00',b'\x01',,500,375,23.3722,52.64,,,,,1,M ,H ,,15.0,81.0,2003-07-01,,,b'$Pj\xa9\xde\x87\x8aH\xbf\x81\xbc\x0c\x81\xf6\xcd\x18',2004-03-11 10:01:36
911,LL Road Seat/Saddle,SE-R581,b'\x00',b'\x01',,500,375,12.0413,27.12,,,,,1,R ,L ,,15.0,82.0,2003-07-01,,,b'b\xbc\xb91+yzN\xa2MA\x1d\xc7n\x02q',2004-03-11 10:01:36
912,ML Road Seat/Saddle,SE-R908,b'\x00',b'\x01',,500,375,17.3782,39.14,,,,,1,T ,M ,,15.0,83.0,2003-07-01,,,b'\xfeZ\x84I\xcc\xa8TC\xa5\xd4\t\xd3[\xf7\xfb\x9e',2004-03-11 10:01:36
913,HL Road Seat/Saddle,SE-R995,b'\x00',b'\x01',,500,375,23.3722,52.64,,,,,1,R ,H ,,15.0,84.0,2003-07-01,,,b')\xe6\xef+*K\xa1A\xa0\t\xdf\x13\xea\xd6\x91\x05',2004-03-11 10:01:36
914,LL Touring Seat/Saddle,SE-T312,b'\x00',b'\x01',,500,375,12.0413,27.12,,,,,1,T ,L ,,15.0,66.0,2003-07-01,,,b'\xd6\xa1tx[z/A\xa2\xeb\xc2\xf4W\xb9`=',2004-03-11 10:01:36
915,ML Touring Seat/Saddle,SE-T762,b'\x00',b'\x01',,500,375,17.3782,39.14,,,,,1,T ,M ,,15.0,65.0,2003-07-01,,,b'r\xcb*\x07\x96w\xd0K\x9b\xbbn\xfc)\xac3l',2004-03-11 10:01:36
916,HL Touring Seat/Saddle,SE-T924,b'\x00',b'\x01',,500,375,23.3722,52.64,,,,,1,T ,H ,,15.0,67.0,2003-07-01,,,b'$\x87\x15\x0eM\x93dJ\x99\x1f\x94\xfe\xc0\x0b\xde\xa8',2004-03-11 10:01:36
917,"LL Mountain Frame - Silver, 42",FR-M21S-42,b'\x01',b'\x01',Silver,500,375,144.5938,264.05,42,CM ,LB ,2.92,1,M ,L ,U ,12.0,8.0,2003-07-01,,,b'+M\xbd7k4kL\x8f?\x85\xc0\x84(%)',2004-03-11 10:01:36
918,"LL Mountain Frame - Silver, 44",FR-M21S-44,b'\x01',b'\x01',Silver,500,375,144.5938,264.05,44,CM ,LB ,2.96,1,M ,L ,U ,12.0,8.0,2003-07-01,,,b'\x00M:9(t\xf0A\xa4\x8a\xaf&\xb0\x0e\x9a\x9c',2004-03-11 10:01:36
919,"LL Mountain Frame - Silver, 48",FR-M21S-48,b'\x01',b'\x01',Silver,500,375,144.5938,264.05,48,CM ,LB ,3.0,1,M ,L ,U ,12.0,8.0,2003-07-01,,,b'\xf2\xf6\xfe\x8d\xa8\x91\x84H\x89I\xb2U\x12\x18\xb3z',2004-03-11 10:01:36
920,"LL Mountain Frame - Silver, 52",FR-M21S-52,b'\x01',b'\x01',Silver,500,375,144.5938,264.05,52,CM ,LB ,3.04,1,M ,L ,U ,12.0,8.0,2003-07-01,,,b'\xac\xba0\xf2QY\xb1N\xb1\xe8\x94\xc2\xca+7\xfa',2004-03-11 10:01:36
921,Mountain Tire Tube,TT-M928,b'\x00',b'\x01',,500,375,1.8663,4.99,,,,,0,M ,,,37.0,92.0,2003-07-01,,,b'\xfc\xc3\xa8\x01R\xed\x8eE\xa64\xd5\xb6\xe2\xac\xcf\xed',2004-03-11 10:01:36
922,Road Tire Tube,TT-R982,b'\x00',b'\x01',,500,375,1.4923,3.99,,,,,0,R ,,,37.0,93.0,2003-07-01,,,b'\xd7+D\xea\x9b\xf6\xd9B\xaaq\x95\xe1\x0bd\x8fR',2004-03-11 10:01:36
923,Touring Tire Tube,TT-T092,b'\x00',b'\x01',,500,375,1.8663,4.99,,,,,0,T ,,,37.0,94.0,2003-07-01,,,b'8\xec\x9f\x17\xb5\xcaGJ\xbc\xff1\xcf\xc9\xe4:<',2004-03-11 10:01:36
924,"LL Mountain Frame - Black, 42",FR-M21B-42,b'\x01',b'\x01',Black,500,375,136.785,249.79,42,CM ,LB ,2.92,1,M ,L ,U ,12.0,8.0,2003-07-01,,,b'\xfb\xd7\xab\xfa5\xcb\xadK\x88W\xecqF\x86\x86\xad',2004-03-11 10:01:36
925,"LL Mountain Frame - Black, 44",FR-M21B-44,b'\x01',b'\x01',Black,500,375,136.785,249.79,44,CM ,LB ,2.96,1,M ,L ,U ,12.0,8.0,2003-07-01,,,b'\x00\x03\xabGU{5M\xa7\x86\x80\x19\tv\xb9\xb5',2004-03-11 10:01:36
926,"LL Mountain Frame - Black, 48",FR-M21B-48,b'\x01',b'\x01',Black,500,375,136.785,249.79,48,CM ,LB ,3.0,1,M ,L ,U ,12.0,8.0,2003-07-01,,,"b'\xaa5\x84@\xc0\x15\xe5A\x98\x1f2\xa8""j\xf1_'",2004-03-11 10:01:36
927,"LL Mountain Frame - Black, 52",FR-M21B-52,b'\x01',b'\x01',Black,500,375,136.785,249.79,52,CM ,LB ,3.04,1,M ,L ,U ,12.0,8.0,2003-07-01,,,"b'\xe6\xf4\x00H\xea\x99\xfdJ\xa3\x92,\xb0Re\xd0\xd4'",2004-03-11 10:01:36
928,LL Mountain Tire,TI-M267,b'\x00',b'\x01',,500,375,9.3463,24.99,,,,,0,M ,L ,,37.0,85.0,2003-07-01,,,b'\x93\n\x06v\x9c\x94\xeaH\x9b1\xa5\x93\xd6\xc1I\x83',2004-03-11 10:01:36
929,ML Mountain Tire,TI-M602,b'\x00',b'\x01',,500,375,11.2163,29.99,,,,,0,M ,M ,,37.0,86.0,2003-07-01,,,b'\x11\x9e\xff\xdaTb-C\x8cO\xf0nRhq\x84',2004-03-11 10:01:36
930,HL Mountain Tire,TI-M823,b'\x00',b'\x01',,500,375,13.09,35.0,,,,,0,M ,H ,,37.0,87.0,2003-07-01,,,b'\xf5%\xad\xddE\x04\\K\x84fdF\x93\n\xd8\xb8',2004-03-11 10:01:36
931,LL Road Tire,TI-R092,b'\x00',b'\x01',,500,375,8.0373,21.49,,,,,0,R ,L ,,37.0,88.0,2003-07-01,,,b'\xa6i\xb5\x15r\xd1\xc2B\xa4 b\xabYF\xcc\x80',2004-03-11 10:01:36
932,ML Road Tire,TI-R628,b'\x00',b'\x01',,500,375,9.3463,24.99,,,,,0,R ,M ,,37.0,89.0,2003-07-01,,,b'\xc5l\x01\xd1+\xc1\x05O\x91\\p\xfa\x06.Jd',2004-03-11 10:01:36
933,HL Road Tire,TI-R982,b'\x00',b'\x01',,500,375,12.1924,32.6,,,,,0,R ,H ,,37.0,90.0,2003-07-01,,,b'j\xe5m\xc8HP\x89K\xb7\xc7V\xbcu\xc9\xbc\xee',2004-03-11 10:01:36
934,Touring Tire,TI-T723,b'\x00',b'\x01',,500,375,10.8423,28.99,,,,,0,T ,,,37.0,91.0,2003-07-01,,,b'\x00\xa3\\\x9d\x02S\xe1A\xbc\xa5\x8c\xe5\xb9?&\xa5',2004-03-11 10:01:36
935,LL Mountain Pedal,PD-M282,b'\x00',b'\x01',Silver/Black,500,375,17.9776,40.49,,,G  ,218.0,1,M ,L ,,13.0,62.0,2003-07-01,,,b'e\x0c\xdd\x9f\xb0\xb2lL\x87\x04:\x97G\xbeQt',2004-03-11 10:01:36
936,ML Mountain Pedal,PD-M340,b'\x00',b'\x01',Silver/Black,500,375,27.568,62.09,,,G  ,215.0,1,M ,M ,,13.0,63.0,2003-07-01,,,"b""\xdc\x86L'\x9eCiD\x9d\xe8~\x9b\xd6E]\r""",2004-03-11 10:01:36
937,HL Mountain Pedal,PD-M562,b'\x00',b'\x01',Silver/Black,500,375,35.9596,80.99,,,G  ,185.0,1,M ,H ,,13.0,64.0,2003-07-01,,,b'\xe8dT\xa0Mk\xb3B\xa4\xd6\x86\x83\x13oKf',2004-03-11 10:01:36
938,LL Road Pedal,PD-R347,b'\x00',b'\x01',Silver/Black,500,375,17.9776,40.49,,,G  ,189.0,1,R ,L ,,13.0,68.0,2003-07-01,,,"b'\xc3\xd8},UL_G\xbaX\xf4\xba\xcaR\rr'",2004-03-11 10:01:36
939,ML Road Pedal,PD-R563,b'\x00',b'\x01',Silver/Black,500,375,27.568,62.09,,,G  ,168.0,1,R ,M ,,13.0,69.0,2003-07-01,,,b'o\xd4j!?\xbcbH\xb0\xe9.&\x1eZ`Y',2004-03-11 10:01:36
940,HL Road Pedal,PD-R853,b'\x00',b'\x01',Silver/Black,500,375,35.9596,80.99,,,G  ,149.0,1,R ,H ,,13.0,70.0,2003-07-01,,,b'gi\xe9D\x99\xab\xedA\x8bA[\xc7\n\\\xa1\xa9',2004-03-11 10:03:55
941,Touring Pedal,PD-T852,b'\x00',b'\x01',Silver/Black,500,375,35.9596,80.99,,,,,1,T ,,,13.0,53.0,2003-07-01,,,b'\x16\xc8gi\xbb>\xfaE\x85G\xce\xf0\x0e\x08W>',2004-03-11 10:01:36
942,"ML Mountain Frame-W - Silver, 38",FR-M63S-38,b'\x01',b'\x01',Silver,500,375,199.3757,364.09,38,CM ,LB ,2.73,2,M ,M ,W ,12.0,15.0,2003-07-01,,,b'\xb0F6\xba\x87\x14nB\xabNW\xd4.o\x923',2004-03-11 10:01:36
943,"LL Mountain Frame - Black, 40",FR-M21B-40,b'\x01',b'\x01',Black,500,375,136.785,249.79,40,CM ,LB ,2.88,2,M ,L ,U ,12.0,8.0,2003-07-01,,,b'\xdf\xe4P0\xba++L\xbd\xcc\xb4\xc8\x99r\xdb\x1c',2004-03-11 10:01:36
944,"LL Mountain Frame - Silver, 40",FR-M21S-40,b'\x01',b'\x01',Silver,500,375,144.5938,264.05,40,CM ,LB ,2.88,2,M ,L ,U ,12.0,8.0,2003-07-01,,,b'.\x86ou\xcc@\xfcM\xb1\x89qm\r\xda_\xf9',2004-03-11 10:01:36
945,Front Derailleur,FD-2342,b'\x01',b'\x01',Silver,500,375,40.6216,91.49,,,G  ,88.0,1,,,,9.0,103.0,2003-07-01,,,b'{\x9e\x8eDH\x95LJ\xab\xb3\x856\x86\xaau\x17',2004-03-11 10:01:36
946,LL Touring Handlebars,HB-T721,b'\x01',b'\x01',,500,375,20.464,46.09,,,,,1,T ,L ,,4.0,47.0,2003-07-01,,,b'.5\xf1\xa2\xd0E\xc4B\xae\xf3`\x030s\xbbf',2004-03-11 10:01:36
947,HL Touring Handlebars,HB-T928,b'\x01',b'\x01',,500,375,40.6571,91.57,,,,,1,T ,H ,,4.0,48.0,2003-07-01,,,b'\x92NR\xcb\xa8OlO\x99\x93`yhV\xc6T',2004-03-11 10:01:36
948,Front Brakes,FB-9873,b'\x00',b'\x01',Silver,500,375,47.286,106.5,,,G  ,317.0,1,,,,6.0,102.0,2003-07-01,,,b'd1\x81\xc1K\x1b\xd1B\x90\x07N_\x9a\xee\x0e\x19',2004-03-11 10:01:36
949,LL Crankset,CS-4759,b'\x01',b'\x01',Black,500,375,77.9176,175.49,,,G  ,600.0,1,,L ,,8.0,99.0,2003-07-01,,,b'qs\xd4AtC\xd3F\x8da\xb0v\x16\xecT\xf0',2004-03-11 10:01:36
950,ML Crankset,CS-6583,b'\x01',b'\x01',Black,500,375,113.8816,256.49,,,G  ,635.0,1,,M ,,8.0,100.0,2003-07-01,,,"b',\xa0\xa7\xd3\xd5\xa3\x04J\x94T\x0cNCw+x'",2004-03-11 10:01:36
951,HL Crankset,CS-9183,b'\x01',b'\x01',Black,500,375,179.8156,404.99,,,G  ,575.0,1,,H ,,8.0,101.0,2003-07-01,,,"b'V\x89J,r{\xfeH\xb0(i\x9e\x11{\x1d\xaa'",2004-03-11 10:01:36
952,Chain,CH-0234,b'\x00',b'\x01',Silver,500,375,8.9866,20.24,,,,,1,,,,7.0,98.0,2003-07-01,,,"b""\xa5\xe2']\xec'\xcbL\xba,\xfc\x98\x0f\xfeg\x08""",2004-03-11 10:01:36
953,"Touring-2000 Blue, 60",BK-T44U-60,b'\x01',b'\x01',Blue,100,75,755.1508,1214.85,60,CM ,LB ,27.9,4,T ,M ,U ,3.0,35.0,2003-07-01,,,"b'W9\xbb\xf1\'\x8d\xf3G\x91\xec\xc7\x18""\xd1\x146'",2004-03-11 10:01:36
954,"Touring-1000 Yellow, 46",BK-T79Y-46,b'\x01',b'\x01',Yellow,100,75,1481.9379,2384.07,46,CM ,LB ,25.13,4,T ,H ,U ,3.0,34.0,2003-07-01,,,b'\x13t\xb7\x83\x8a\x8c\xf1J\x93\xe4\x13n\xdb\x7f\xf1_',2004-03-11 10:01:36
955,"Touring-1000 Yellow, 50",BK-T79Y-50,b'\x01',b'\x01',Yellow,100,75,1481.9379,2384.07,50,CM ,LB ,25.42,4,T ,H ,U ,3.0,34.0,2003-07-01,,,b'\xad\x91\xc9^a\x87aJ\xa3\x181-\xf3\xa7\x86\x04',2004-03-11 10:01:36
956,"Touring-1000 Yellow, 54",BK-T79Y-54,b'\x01',b'\x01',Yellow,100,75,1481.9379,2384.07,54,CM ,LB ,25.68,4,T ,H ,U ,3.0,34.0,2003-07-01,,,b'\xf0\xb0 \x12M\x06\xb7F\x85\x07\x1f\xa7X\xb7{\x9c',2004-03-11 10:01:36
957,"Touring-1000 Yellow, 60",BK-T79Y-60,b'\x01',b'\x01',Yellow,100,75,1481.9379,2384.07,60,CM ,LB ,25.9,4,T ,H ,U ,3.0,34.0,2003-07-01,,,b'\xa9\xa5\xd1\xbc@a\xc9M\x96 h\x9d\xc7\xe4\xc1U',2004-03-11 10:01:36
958,"Touring-3000 Blue, 54",BK-T18U-54,b'\x01',b'\x01',Blue,100,75,461.4448,742.35,54,CM ,LB ,29.68,4,T ,L ,U ,3.0,36.0,2003-07-01,,,b'\x97h\xee\xa3\xfeR\xe4B\x92\xecz\x91\xe7\xbb\x90Z',2004-03-11 10:01:36
959,"Touring-3000 Blue, 58",BK-T18U-58,b'\x01',b'\x01',Blue,100,75,461.4448,742.35,58,CM ,LB ,29.9,4,T ,L ,U ,3.0,36.0,2003-07-01,,,b'\xee\x9c\xd8#D\x9f>O\xb2\x89c\xdek\xa2\xb77',2004-03-11 10:01:36
960,"Touring-3000 Blue, 62",BK-T18U-62,b'\x01',b'\x01',Blue,100,75,461.4448,742.35,62,CM ,LB ,30.0,4,T ,L ,U ,3.0,36.0,2003-07-01,,,b'\xc9\x92\x01\x06\xd9\xbc`B\xb7)\xd6\xbc\xfa\xdf\xb0\x8e',2004-03-11 10:01:36
961,"Touring-3000 Yellow, 44",BK-T18Y-44,b'\x01',b'\x01',Yellow,100,75,461.4448,742.35,44,CM ,LB ,28.77,4,T ,L ,U ,3.0,36.0,2003-07-01,,,b'Z\xc1FV\xadh4B\xb3(%G\x06\xcb\xcc\xc5',2004-03-11 10:01:36
962,"Touring-3000 Yellow, 50",BK-T18Y-50,b'\x01',b'\x01',Yellow,100,75,461.4448,742.35,50,CM ,LB ,29.13,4,T ,L ,U ,3.0,36.0,2003-07-01,,,b'\x05\xe8\x85\xdf\x87\xaf\xabO\xa6h\xc8\x0f*[\x8ai',2004-03-11 10:01:36
963,"Touring-3000 Yellow, 54",BK-T18Y-54,b'\x01',b'\x01',Yellow,100,75,461.4448,742.35,54,CM ,LB ,29.42,4,T ,L ,U ,3.0,36.0,2003-07-01,,,b'\xd1\xec+\x19e\xf4\x94A\x88\xa2\xeeW\xfe\xd3\xa3\xc5',2004-03-11 10:01:36
964,"Touring-3000 Yellow, 58",BK-T18Y-58,b'\x01',b'\x01',Yellow,100,75,461.4448,742.35,58,CM ,LB ,29.79,4,T ,L ,U ,3.0,36.0,2003-07-01,,,b'd\x9f\xd7\xbe=\xa5\xa3D\xac\xe8+\xaaBZZT',2004-03-11 10:01:36
965,"Touring-3000 Yellow, 62",BK-T18Y-62,b'\x01',b'\x01',Yellow,100,75,461.4448,742.35,62,CM ,LB ,30.0,4,T ,L ,U ,3.0,36.0,2003-07-01,,,b'r8\x8b\xd2sQ\xa4@\xb1/eU$8l\xc7',2004-03-11 10:01:36
966,"Touring-1000 Blue, 46",BK-T79U-46,b'\x01',b'\x01',Blue,100,75,1481.9379,2384.07,46,CM ,LB ,25.13,4,T ,H ,U ,3.0,34.0,2003-07-01,,,"b'T\r\x99\x86\xfbnSL\x99tl;\x02\x97\xe2""'",2004-03-11 10:01:36
967,"Touring-1000 Blue, 50",BK-T79U-50,b'\x01',b'\x01',Blue,100,75,1481.9379,2384.07,50,CM ,LB ,25.42,4,T ,H ,U ,3.0,34.0,2003-07-01,,,b'\x18\xa8\xc0h\x85)\xebF\x82U\x0f\xb7\t\x19\xfa$',2004-03-11 10:01:36
968,"Touring-1000 Blue, 54",BK-T79U-54,b'\x01',b'\x01',Blue,100,75,1481.9379,2384.07,54,CM ,LB ,25.68,4,T ,H ,U ,3.0,34.0,2003-07-01,,,b'\x8c\n(\x12xugC\xbaq!K\xcc\x1eG\x92',2004-03-11 10:01:36
969,"Touring-1000 Blue, 60",BK-T79U-60,b'\x01',b'\x01',Blue,100,75,1481.9379,2384.07,60,CM ,LB ,25.9,4,T ,H ,U ,3.0,34.0,2003-07-01,,,b'6\xcfp\xdd\x9aD\xfdC\x83\x9d\xa8N\xe1L\x84\x9a',2004-03-11 10:01:36
970,"Touring-2000 Blue, 46",BK-T44U-46,b'\x01',b'\x01',Blue,100,75,755.1508,1214.85,46,CM ,LB ,27.13,4,T ,M ,U ,3.0,35.0,2003-07-01,,,b'\x06\x90\x00\xc0_qvK\xa0Z\x1a\r:\xdf\xb4\x9a',2004-03-11 10:01:36
971,"Touring-2000 Blue, 50",BK-T44U-50,b'\x01',b'\x01',Blue,100,75,755.1508,1214.85,50,CM ,LB ,27.42,4,T ,M ,U ,3.0,35.0,2003-07-01,,,b'\x8f\xda\xab\x84\x07\x00\xcaK\x9aa\xb2\xde\xa5\x88f\xc3',2004-03-11 10:01:36
972,"Touring-2000 Blue, 54",BK-T44U-54,b'\x01',b'\x01',Blue,100,75,755.1508,1214.85,54,CM ,LB ,27.68,4,T ,M ,U ,3.0,35.0,2003-07-01,,,b'\xa3\xe2\xcfmU5\xe4D\x91\x16om\xbeD\x8b\x8b',2004-03-11 10:01:36
973,"Road-350-W Yellow, 40",BK-R79Y-40,b'\x01',b'\x01',Yellow,100,75,1082.51,1700.99,40,CM ,LB ,15.35,4,R ,M ,W ,2.0,27.0,2003-07-01,,,b'\xd9\x16{#\xf2S\xd4O\xbe\xfeH \x9eW\xae\xc3',2004-03-11 10:01:36
974,"Road-350-W Yellow, 42",BK-R79Y-42,b'\x01',b'\x01',Yellow,100,75,1082.51,1700.99,42,CM ,LB ,15.77,4,R ,M ,W ,2.0,27.0,2003-07-01,,,b'\x8b?\xbd\x80\xc7B\xd8C\x91\xf5\x9f\xb6\x17R\x87\xaf',2004-03-11 10:01:36
975,"Road-350-W Yellow, 44",BK-R79Y-44,b'\x01',b'\x01',Yellow,100,75,1082.51,1700.99,44,CM ,LB ,16.13,4,R ,M ,W ,2.0,27.0,2003-07-01,,,b'\xaf\xe8a\x0c=\x00KN\xb5\xb7\x02\xf0\x1a&\xbe&',2004-03-11 10:01:36
976,"Road-350-W Yellow, 48",BK-R79Y-48,b'\x01',b'\x01',Yellow,100,75,1082.51,1700.99,48,CM ,LB ,16.42,4,R ,M ,W ,2.0,27.0,2003-07-01,,,b'\xdc\x84B\xec\xfa\x85\xa8D\x89\xecw\xfc\x9bqr\n',2004-03-11 10:01:36
977,"Road-750 Black, 58",BK-R19B-58,b'\x01',b'\x01',Black,100,75,343.6496,539.99,58,CM ,LB ,20.79,4,R ,L ,U ,2.0,31.0,2003-07-01,,,b'\x1a\x1a\xb8\x87\xb5\xa5\xd2C\xa2\r\x020\x80\x04\x90\xb9',2004-03-11 10:01:36
978,"Touring-3000 Blue, 44",BK-T18U-44,b'\x01',b'\x01',Blue,100,75,461.4448,742.35,44,CM ,LB ,28.77,4,T ,L ,U ,3.0,36.0,2003-07-01,,,b'\x15\x8ecO\xd0.\x93A\x90\xceG\xdaX\x0e\x01\xdd',2004-03-11 10:01:36
979,"Touring-3000 Blue, 50",BK-T18U-50,b'\x01',b'\x01',Blue,100,75,461.4448,742.35,50,CM ,LB ,29.13,4,T ,L ,U ,3.0,36.0,2003-07-01,,,b'b[0\xde\xfc\x88[F\xb2=\xd8\xc0\xf7\xe6\xd3a',2004-03-11 10:01:36
980,"Mountain-400-W Silver, 38",BK-M38S-38,b'\x01',b'\x01',Silver,100,75,419.7784,769.49,38,CM ,LB ,26.35,4,M ,M ,W ,1.0,22.0,2003-07-01,,,b'2v\x92z\xa4\x99$O\xad\xce\x00b\xd2\xd1\x13\xd9',2004-03-11 10:01:36
981,"Mountain-400-W Silver, 40",BK-M38S-40,b'\x01',b'\x01',Silver,100,75,419.7784,769.49,40,CM ,LB ,26.77,4,M ,M ,W ,1.0,22.0,2003-07-01,,,b'\x1cyr\n\x84\xa93G\xaeN+Cs\xcf\xd7\xcd',2004-03-11 10:01:36
982,"Mountain-400-W Silver, 42",BK-M38S-42,b'\x01',b'\x01',Silver,100,75,419.7784,769.49,42,CM ,LB ,27.13,4,M ,M ,W ,1.0,22.0,2003-07-01,,,b'\x06\xfe\xa4N\xea\xaa\xd4B\xa9\xd9i\xf6\xa9\xa4\xa0B',2004-03-11 10:01:36
983,"Mountain-400-W Silver, 46",BK-M38S-46,b'\x01',b'\x01',Silver,100,75,419.7784,769.49,46,CM ,LB ,27.42,4,M ,M ,W ,1.0,22.0,2003-07-01,,,b'\xe4\x8e\x0c\x0b-\xff\x8eC\x9c\xacFG\x83\xb8a\x91',2004-03-11 10:01:36
984,"Mountain-500 Silver, 40",BK-M18S-40,b'\x01',b'\x01',Silver,100,75,308.2179,564.99,40,CM ,LB ,27.35,4,M ,L ,U ,1.0,23.0,2003-07-01,,,b'{\x05l\xb9\x16dQH\x8dY\xbc\xb3|\x8enQ',2004-03-11 10:01:36
985,"Mountain-500 Silver, 42",BK-M18S-42,b'\x01',b'\x01',Silver,100,75,308.2179,564.99,42,CM ,LB ,27.77,4,M ,L ,U ,1.0,23.0,2003-07-01,,,b'\xd9\xb5\xd1\xb89\x8a\x97@\xa0JV\xe9UY\xb54',2004-03-11 10:01:36
986,"Mountain-500 Silver, 44",BK-M18S-44,b'\x01',b'\x01',Silver,100,75,308.2179,564.99,44,CM ,LB ,28.13,4,M ,L ,U ,1.0,23.0,2003-07-01,,,b'\x94\xc7\xce\xe8\xe2\xe8\x12C\x96\xa7H2\xe5s\xd3\xfc',2004-03-11 10:01:36
987,"Mountain-500 Silver, 48",BK-M18S-48,b'\x01',b'\x01',Silver,100,75,308.2179,564.99,48,CM ,LB ,28.42,4,M ,L ,U ,1.0,23.0,2003-07-01,,,b'\x9fA\xefw\x1fH\xb9@\xbd\xb9~fx\xe5P\xe3',2004-03-11 10:01:36
988,"Mountain-500 Silver, 52",BK-M18S-52,b'\x01',b'\x01',Silver,100,75,308.2179,564.99,52,CM ,LB ,28.68,4,M ,L ,U ,1.0,23.0,2003-07-01,,,b'E\t\xd6\xca>\x18\xb3J\xa7\x0c?[\xack\xf14',2004-03-11 10:01:36
989,"Mountain-500 Black, 40",BK-M18B-40,b'\x01',b'\x01',Black,100,75,294.5797,539.99,40,CM ,LB ,27.35,4,M ,L ,U ,1.0,23.0,2003-07-01,,,b'Wq((\x06?{H\x851\xbe\xe8\xa3s)\xe4',2004-03-11 10:01:36
990,"Mountain-500 Black, 42",BK-M18B-42,b'\x01',b'\x01',Black,100,75,294.5797,539.99,42,CM ,LB ,27.77,4,M ,L ,U ,1.0,23.0,2003-07-01,,,"b'\x9c,u\xf5\xbaV\xa7A\x83\xfd\x13\x9d\xa2\x8c\x15\xfa'",2004-03-11 10:01:36
991,"Mountain-500 Black, 44",BK-M18B-44,b'\x01',b'\x01',Black,100,75,294.5797,539.99,44,CM ,LB ,28.13,4,M ,L ,U ,1.0,23.0,2003-07-01,,,"b""'!\x85\xc7\xb8/YI\xb5\xa3\xdeZ\x8ddE\xe4""",2004-03-11 10:01:36
992,"Mountain-500 Black, 48",BK-M18B-48,b'\x01',b'\x01',Black,100,75,294.5797,539.99,48,CM ,LB ,28.42,4,M ,L ,U ,1.0,23.0,2003-07-01,,,b'&.uu\xb6\xa3dB\x9b\x06\xf2:O\xbd\xc5\xa7',2004-03-11 10:01:36
993,"Mountain-500 Black, 52",BK-M18B-52,b'\x01',b'\x01',Black,100,75,294.5797,539.99,52,CM ,LB ,28.68,4,M ,L ,U ,1.0,23.0,2003-07-01,,,b'U;\xeeiB\xe1ON\xae\xd8\xaf\x02\x97\x8f\xbe\x87',2004-03-11 10:01:36
994,LL Bottom Bracket,BB-7421,b'\x01',b'\x01',,500,375,23.9716,53.99,,,G  ,223.0,1,,L ,,5.0,95.0,2003-07-01,,,"b'\xcde<\xfa""\n\xe3G\xbd\xf6S\xf1\xdc\x13\x8cC'",2004-03-11 10:01:36
995,ML Bottom Bracket,BB-8107,b'\x01',b'\x01',,500,375,44.9506,101.24,,,G  ,168.0,1,,M ,,5.0,96.0,2003-07-01,,,b'\x7f\x84\xabq\x91\xd0\xd6B\xb75{\x0c-\x82\xfc\x84',2004-03-11 10:01:36
996,HL Bottom Bracket,BB-9108,b'\x01',b'\x01',,500,375,53.9416,121.49,,,G  ,170.0,1,,H ,,5.0,97.0,2003-07-01,,,b'\xc5G\x0c#\xb2\x08\xe3L\xb7\x06i\xc0\xbd\xd6)e',2004-03-11 10:01:36
997,"Road-750 Black, 44",BK-R19B-44,b'\x01',b'\x01',Black,100,75,343.6496,539.99,44,CM ,LB ,19.77,4,R ,L ,U ,2.0,31.0,2003-07-01,,,"b""\x02H\xceD\x9f@\xabC\x9b'\xcaSB\x18\x05\xbe""",2004-03-11 10:01:36
998,"Road-750 Black, 48",BK-R19B-48,b'\x01',b'\x01',Black,100,75,343.6496,539.99,48,CM ,LB ,20.13,4,R ,L ,U ,2.0,31.0,2003-07-01,,,b'\x12\xa2\xe9=I\x1d\xb6@\xb1\n\xf5d\xd9\x81\xdb\xde',2004-03-11 10:01:36
999,"Road-750 Black, 52",BK-R19B-52,b'\x01',b'\x01',Black,100,75,343.6496,539.99,52,CM ,LB ,20.42,4,R ,L ,U ,2.0,31.0,2003-07-01,,,b'#\x89c\xaeg+yF\xb9\x0e\xab\xba\xb1}\xca1',2004-03-11 10:01:36
